product_type,ingredient_code,ingredient_name,description
강심제,M040091,디곡신,디곡신은(는) 강심제 제제에서 사용되는 의약 성분이다.
강심제,M040450,옥수수전분,옥수수전분은(는) 강심제 제제에서 사용되는 의약 성분이다.
강심제,M040826,히드록시프로필셀룰로오스,히드록시프로필셀룰로오스은(는) 강심제 제제에서 사용되는 의약 성분이다.
강심제,M089138,젤라틴,젤라틴은(는) 강심제 제제에서 사용되는 의약 성분이다.
강심제,M092598,디메치콘100,디메치콘100은(는) 강심제 제제에서 사용되는 의약 성분이다.
구충제,M051756,포비돈,포비돈은(는) 구충제 제제에서 사용되는 의약 성분이다.
구충제,M071119,전분글리콜산나트륨,전분글리콜산나트륨은(는) 구충제 제제에서 사용되는 의약 성분이다.
구충제,M081837,아스파탐,아스파탐은(는) 구충제 제제에서 사용되는 의약 성분이다.
구충제,M220492,라우릴 황산나트륨,라우릴 황산나트륨은(는) 구충제 제제에서 사용되는 의약 성분이다.
구충제,M244541,프로필렌글리콜,프로필렌글리콜은(는) 구충제 제제에서 사용되는 의약 성분이다.
당류제,M040702,포도당,포도당은(는) 당류제 제제에서 사용되는 의약 성분이다.
당류제,M099736,디-만니톨,디-만니톨은(는) 당류제 제제에서 사용되는 의약 성분이다.
당류제,M204408,D-만니톨,D-만니톨은(는) 당류제 제제에서 사용되는 의약 성분이다.
당류제,M204410,D-소르비톨,D-소르비톨은(는) 당류제 제제에서 사용되는 의약 성분이다.
당류제,M228276,디만니톨,디만니톨은(는) 당류제 제제에서 사용되는 의약 성분이다.
백신류,M088337,폴리소르베이트80,폴리소르베이트80은(는) 백신류 제제에서 사용되는 의약 성분이다.
백신류,M088364,트로메타민,트로메타민은(는) 백신류 제제에서 사용되는 의약 성분이다.
백신류,M095195,아르기닌,아르기닌은(는) 백신류 제제에서 사용되는 의약 성분이다.
백신류,M117750,정제불활화인플루엔자바이러스항원B형(B/Phuket/3073/2013),정제불활화인플루엔자바이러스항원B형(B/Phuket/3073/2013)은(는) 백신류 제제에서 사용되는 의약 성분이다.
백신류,M212167,1회용주사침(25G x 5/8(0.5 x 16mm),1회용주사침(25G x 5/8(0.5 x 16mm)은(는) 백신류 제제에서 사용되는 의약 성분이다.
백신류,M247621,주사침(멸균된 1회용 주사침)(25G 5/8(0.5x16mm)),주사침(멸균된 1회용 주사침)(25G 5/8(0.5x16mm))은(는) 백신류 제제에서 사용되는 의약 성분이다.
백신류,M250223,"폐렴구균다당류(혈청형 1, 4, 5, 6B, 7F, 9V, 14, 18C, 19F, 23F)-NTHi 단백질 D, 파상풍톡소이드, 디프테리아톡소이드 접합체 [균주: S. pneumoniae주](규격:혈청형별 각각 별규)","폐렴구균다당류(혈청형 1, 4, 5, 6B, 7F, 9V, 14, 18C, 19F, 23F)-NTHi 단백질 D, 파상풍톡소이드, 디프테리아톡소이드 접합체 [균주: S. pneumoniae주](규격:혈청형별 각각 별규)은(는) 백신류 제제에서 사용되는 의약 성분이다."
백신류,M250433,L-글루탐산나트륨수화물,L-글루탐산나트륨수화물은(는) 백신류 제제에서 사용되는 의약 성분이다.
백신류,M255452,약독홍역생바이러스(Enders' Edmonston주),약독홍역생바이러스(Enders' Edmonston주)은(는) 백신류 제제에서 사용되는 의약 성분이다.
백신류,M268523,불활화폴리오바이러스제1형(바이러스주명:Mahoney주),불활화폴리오바이러스제1형(바이러스주명:Mahoney주)은(는) 백신류 제제에서 사용되는 의약 성분이다.
백신류,M283485,대장균유래모노포스포릴지질A,대장균유래모노포스포릴지질A은(는) 백신류 제제에서 사용되는 의약 성분이다.
백신류,M284997,"폐렴구균폴리사카라이드(혈청형 1, 3, 4, 5, 6A, 6B, 7F, 8, 9V, 10A, 11A, 12F, 14, 15B, 18C, 19A, 19F, 22F, 23F, 33F) – 디프테리아 CRM197 단백질 접합체(균주: S. pneumoniae strains (혈청형 1, 3, 4, 5, 6A, 6B, 7F, 8, 9V, 10A, 11A, 12F, 14, 15B, 18C, 19A, 19F, 22F, 23F, 33F), C. diphtheriae C7(β197) strain), (벡터: pPX3520)","폐렴구균폴리사카라이드(혈청형 1, 3, 4, 5, 6A, 6B, 7F, 8, 9V, 10A, 11A, 12F, 14, 15B, 18C, 19A, 19F, 22F, 23F, 33F) – 디프테리아 CRM197 단백질 접합체(균주: S. pneumoniae strains (혈청형 1, 3, 4, 5, 6A, 6B, 7F, 8, 9V, 10A, 11A, 12F, 14, 15B, 18C, 19A, 19F, 22F, 23F, 33F), C. diphtheriae C7(β197) strain), (벡터: pPX3520)은(는) 백신류 제제에서 사용되는 의약 성분이다."
설화제,M060502,적색3호,적색3호은(는) 설화제 제제에서 사용되는 의약 성분이다.
설화제,M060550,황색203호,황색203호은(는) 설화제 제제에서 사용되는 의약 성분이다.
설화제,M070004,수산화나트륨,수산화나트륨은(는) 설화제 제제에서 사용되는 의약 성분이다.
설화제,M085786,전분글리콜산나트륨,전분글리콜산나트륨은(는) 설화제 제제에서 사용되는 의약 성분이다.
설화제,M229540,히프로멜로오스프탈레이트200731,히프로멜로오스프탈레이트200731은(는) 설화제 제제에서 사용되는 의약 성분이다.
용해제,M040426,염화나트륨,염화나트륨은(는) 용해제 제제에서 사용되는 의약 성분이다.
용해제,M040534,주사용수,주사용수은(는) 용해제 제제에서 사용되는 의약 성분이다.
이뇨제,M051280,인다파미드,인다파미드은(는) 이뇨제 제제에서 사용되는 의약 성분이다.
이뇨제,M051756,포비돈,포비돈은(는) 이뇨제 제제에서 사용되는 의약 성분이다.
이뇨제,M099796,스피로노락톤,스피로노락톤은(는) 이뇨제 제제에서 사용되는 의약 성분이다.
이뇨제,M223363,사카린나트륨수화물,사카린나트륨수화물은(는) 이뇨제 제제에서 사용되는 의약 성분이다.
이뇨제,M249191,탤크,탤크은(는) 이뇨제 제제에서 사용되는 의약 성분이다.
이담제,M040044,농글리세린,농글리세린은(는) 이담제 제제에서 사용되는 의약 성분이다.
이담제,M085706,코포비돈,코포비돈은(는) 이담제 제제에서 사용되는 의약 성분이다.
이담제,M201333,오렌지엣센스피-4910,오렌지엣센스피-4910은(는) 이담제 제제에서 사용되는 의약 성분이다.
이담제,M215293,황색 203호,황색 203호은(는) 이담제 제제에서 사용되는 의약 성분이다.
이담제,M223369,인산수소칼슘수화물,인산수소칼슘수화물은(는) 이담제 제제에서 사용되는 의약 성분이다.
정장제,M040209,백당,백당은(는) 정장제 제제에서 사용되는 의약 성분이다.
정장제,M040213,인삼,인삼은(는) 정장제 제제에서 사용되는 의약 성분이다.
정장제,M040321,스테아린산마그네슘,스테아린산마그네슘은(는) 정장제 제제에서 사용되는 의약 성분이다.
정장제,M040548,창출,창출은(는) 정장제 제제에서 사용되는 의약 성분이다.
정장제,M040629,탄산마그네슘,탄산마그네슘은(는) 정장제 제제에서 사용되는 의약 성분이다.
정장제,M050057,구아야콜,구아야콜은(는) 정장제 제제에서 사용되는 의약 성분이다.
정장제,M102730,히프로멜로오스2910,히프로멜로오스2910은(는) 정장제 제제에서 사용되는 의약 성분이다.
정장제,M210694,D-소르비톨액,D-소르비톨액은(는) 정장제 제제에서 사용되는 의약 성분이다.
정장제,M225446,썬올리고(P2),썬올리고(P2)은(는) 정장제 제제에서 사용되는 의약 성분이다.
정장제,M259522,시트르산,시트르산은(는) 정장제 제제에서 사용되는 의약 성분이다.
제산제,M060512,황색5호,황색5호은(는) 제산제 제제에서 사용되는 의약 성분이다.
제산제,M070865,알긴산,알긴산은(는) 제산제 제제에서 사용되는 의약 성분이다.
제산제,M071938,식약청인정타르색소,식약청인정타르색소은(는) 제산제 제제에서 사용되는 의약 성분이다.
제산제,M081161,크로스포비돈,크로스포비돈은(는) 제산제 제제에서 사용되는 의약 성분이다.
제산제,M089068,말트향,말트향은(는) 제산제 제제에서 사용되는 의약 성분이다.
제산제,M207743,식약청인정타르색소(황색4호),식약청인정타르색소(황색4호)은(는) 제산제 제제에서 사용되는 의약 성분이다.
제산제,M240098,히드록시프로필메칠셀룰로오스2910,히드록시프로필메칠셀룰로오스2910은(는) 제산제 제제에서 사용되는 의약 성분이다.
제산제,M244250,폴리에틸렌글리콜6000,폴리에틸렌글리콜6000은(는) 제산제 제제에서 사용되는 의약 성분이다.
제산제,M246203,DL-카르니틴염산염,DL-카르니틴염산염은(는) 제산제 제제에서 사용되는 의약 성분이다.
지혈제,M040450,옥수수전분,옥수수전분은(는) 지혈제 제제에서 사용되는 의약 성분이다.
지혈제,M088337,폴리소르베이트80,폴리소르베이트80은(는) 지혈제 제제에서 사용되는 의약 성분이다.
지혈제,M263645,이다루시주맙,이다루시주맙은(는) 지혈제 제제에서 사용되는 의약 성분이다.
지혈제,M281813,조직수복용생체재료,조직수복용생체재료은(는) 지혈제 제제에서 사용되는 의약 성분이다.
지혈제,M284519,"1,4-부탄디올디글리시딜에테르로 가교된 히알루론산나트륨","1,4-부탄디올디글리시딜에테르로 가교된 히알루론산나트륨은(는) 지혈제 제제에서 사용되는 의약 성분이다."
진경제,M083714,염산티자니딘,염산티자니딘은(는) 진경제 제제에서 사용되는 의약 성분이다.
진경제,M089364,폴리아크릴산분산액30%,폴리아크릴산분산액30%은(는) 진경제 제제에서 사용되는 의약 성분이다.
진경제,M100243,콜로이달실리카,콜로이달실리카은(는) 진경제 제제에서 사용되는 의약 성분이다.
진경제,M207642,백당,백당은(는) 진경제 제제에서 사용되는 의약 성분이다.
진경제,M215426,크로스카르멜로오스나트륨,크로스카르멜로오스나트륨은(는) 진경제 제제에서 사용되는 의약 성분이다.
진경제,M240300,황색4호,황색4호은(는) 진경제 제제에서 사용되는 의약 성분이다.
진훈제,M040410,에탄올,에탄올은(는) 진훈제 제제에서 사용되는 의약 성분이다.
진훈제,M040826,히드록시프로필셀룰로오스,히드록시프로필셀룰로오스은(는) 진훈제 제제에서 사용되는 의약 성분이다.
진훈제,M243262,적색40호,적색40호은(는) 진훈제 제제에서 사용되는 의약 성분이다.
진훈제,M244334,경질무수규산,경질무수규산은(는) 진훈제 제제에서 사용되는 의약 성분이다.
진훈제,M245072,콜로이드성이산화규소,콜로이드성이산화규소은(는) 진훈제 제제에서 사용되는 의약 성분이다.
치나제,M060550,황색203호,황색203호은(는) 치나제 제제에서 사용되는 의약 성분이다.
치나제,M071163,적색40호,적색40호은(는) 치나제 제제에서 사용되는 의약 성분이다.
치나제,M095818,레시틴,레시틴은(는) 치나제 제제에서 사용되는 의약 성분이다.
치나제,M103008,에틸바닐린,에틸바닐린은(는) 치나제 제제에서 사용되는 의약 성분이다.
치나제,M243648,청색1호,청색1호은(는) 치나제 제제에서 사용되는 의약 성분이다.
칼슘제,M040567,카르나우바납,카르나우바납은(는) 칼슘제 제제에서 사용되는 의약 성분이다.
칼슘제,M071938,식약청인정타르색소,식약청인정타르색소은(는) 칼슘제 제제에서 사용되는 의약 성분이다.
칼슘제,M086798,오렌지향코튼,오렌지향코튼은(는) 칼슘제 제제에서 사용되는 의약 성분이다.
칼슘제,M110035,시트르산칼슘,시트르산칼슘은(는) 칼슘제 제제에서 사용되는 의약 성분이다.
칼슘제,M261394,오파드라이녹색 (200F610000),오파드라이녹색 (200F610000)은(는) 칼슘제 제제에서 사용되는 의약 성분이다.
칼슘제,M279616,황색 203호알루미늄레이크,황색 203호알루미늄레이크은(는) 칼슘제 제제에서 사용되는 의약 성분이다.
칼슘제,M280324,청색1호 알루미늄레이크,청색1호 알루미늄레이크은(는) 칼슘제 제제에서 사용되는 의약 성분이다.
캅셀류,M040120,라우릴황산나트륨,라우릴황산나트륨은(는) 캅셀류 제제에서 사용되는 의약 성분이다.
캅셀류,M084979,카모이신,카모이신은(는) 캅셀류 제제에서 사용되는 의약 성분이다.
캅셀류,M091302,치자청색소,치자청색소은(는) 캅셀류 제제에서 사용되는 의약 성분이다.
캅셀류,M243650,적색40호,적색40호은(는) 캅셀류 제제에서 사용되는 의약 성분이다.
캅셀류,M244566,소듐라우릴설페이트,소듐라우릴설페이트은(는) 캅셀류 제제에서 사용되는 의약 성분이다.
통경제,M040225,복령,복령은(는) 통경제 제제에서 사용되는 의약 성분이다.
통경제,M040785,홍화,홍화은(는) 통경제 제제에서 사용되는 의약 성분이다.
통경제,M102658,초제향부자,초제향부자은(는) 통경제 제제에서 사용되는 의약 성분이다.
통경제,M266247,감초연조엑스(2.3~2.8→1),감초연조엑스(2.3~2.8→1)은(는) 통경제 제제에서 사용되는 의약 성분이다.
통경제,M266482,작약연조엑스(2.8∼3.4→1),작약연조엑스(2.8∼3.4→1)은(는) 통경제 제제에서 사용되는 의약 성분이다.
통경제,M270589,목단피연조엑스(2.8~3.4→1),목단피연조엑스(2.8~3.4→1)은(는) 통경제 제제에서 사용되는 의약 성분이다.
피임제,M040024,과당,과당은(는) 피임제 제제에서 사용되는 의약 성분이다.
피임제,M086725,유당일수화물,유당일수화물은(는) 피임제 제제에서 사용되는 의약 성분이다.
피임제,M201791,콜로이드성무수실리카,콜로이드성무수실리카은(는) 피임제 제제에서 사용되는 의약 성분이다.
피임제,M207652,왁스E,왁스E은(는) 피임제 제제에서 사용되는 의약 성분이다.
피임제,M239964,스테아린산마그네슘,스테아린산마그네슘은(는) 피임제 제제에서 사용되는 의약 성분이다.
해독제,M080615,분말셀룰로오스,분말셀룰로오스은(는) 해독제 제제에서 사용되는 의약 성분이다.
해독제,M081627,글라이신,글라이신은(는) 해독제 제제에서 사용되는 의약 성분이다.
해독제,M089794,폴록사머188,폴록사머188은(는) 해독제 제제에서 사용되는 의약 성분이다.
해독제,M102967,히프로멜로오스,히프로멜로오스은(는) 해독제 제제에서 사용되는 의약 성분이다.
해독제,M281694,탭쉴드흰색(29W925),탭쉴드흰색(29W925)은(는) 해독제 제제에서 사용되는 의약 성분이다.
비타민제,M040064,니코틴산아미드,니코틴산아미드은(는) 비타민제 제제에서 사용되는 의약 성분이다.
비타민제,M223258,티아민염산염,티아민염산염은(는) 비타민제 제제에서 사용되는 의약 성분이다.
비타민제,M256191,콘드로이틴설페이트나트륨,콘드로이틴설페이트나트륨은(는) 비타민제 제제에서 사용되는 의약 성분이다.
비타민제,M279895,탭쉴드흰색(93W145),탭쉴드흰색(93W145)은(는) 비타민제 제제에서 사용되는 의약 성분이다.
비타민제,M281346,탭쉴드 갈색 91B749,탭쉴드 갈색 91B749은(는) 비타민제 제제에서 사용되는 의약 성분이다.
안과용제,M040511,인산,인산은(는) 안과용제 제제에서 사용되는 의약 성분이다.
안과용제,M040707,폴리소르베이트80(=트윈80),폴리소르베이트80(=트윈80)은(는) 안과용제 제제에서 사용되는 의약 성분이다.
안과용제,M060550,황색203호,황색203호은(는) 안과용제 제제에서 사용되는 의약 성분이다.
안과용제,M071000,인산나트륨,인산나트륨은(는) 안과용제 제제에서 사용되는 의약 성분이다.
안과용제,M080302,히드록시에칠셀룰로오스,히드록시에칠셀룰로오스은(는) 안과용제 제제에서 사용되는 의약 성분이다.
안과용제,M087234,피레녹신,피레녹신은(는) 안과용제 제제에서 사용되는 의약 성분이다.
안과용제,M088336,백색바셀린,백색바셀린은(는) 안과용제 제제에서 사용되는 의약 성분이다.
안과용제,M088656,글리신,글리신은(는) 안과용제 제제에서 사용되는 의약 성분이다.
안과용제,M096429,시아노코발라민,시아노코발라민은(는) 안과용제 제제에서 사용되는 의약 성분이다.
안과용제,M101355,수산화나트륨(1N),수산화나트륨(1N)은(는) 안과용제 제제에서 사용되는 의약 성분이다.
안과용제,M101739,폴리비닐알콜,폴리비닐알콜은(는) 안과용제 제제에서 사용되는 의약 성분이다.
안과용제,M104378,카르보머1342,카르보머1342은(는) 안과용제 제제에서 사용되는 의약 성분이다.
안과용제,M212885,엘-멘톨,엘-멘톨은(는) 안과용제 제제에서 사용되는 의약 성분이다.
안과용제,M241332,황산콘드로이틴나트륨,황산콘드로이틴나트륨은(는) 안과용제 제제에서 사용되는 의약 성분이다.
안과용제,M241337,히드록시에틸셀룰로오스,히드록시에틸셀룰로오스은(는) 안과용제 제제에서 사용되는 의약 성분이다.
외피용약,M007131,정제수,정제수은(는) 외피용약 제제에서 사용되는 의약 성분이다.
외피용약,M087110,트롤아민,트롤아민은(는) 외피용약 제제에서 사용되는 의약 성분이다.
외피용약,M259491,프로필렌글리콜,프로필렌글리콜은(는) 외피용약 제제에서 사용되는 의약 성분이다.
외피용약,M261256,이소프로필메틸페놀,이소프로필메틸페놀은(는) 외피용약 제제에서 사용되는 의약 성분이다.
외피용약,M284425,에탄올(95),에탄올(95)은(는) 외피용약 제제에서 사용되는 의약 성분이다.
장기제제,M071880,마크로골6000,마크로골6000은(는) 장기제제 제제에서 사용되는 의약 성분이다.
장기제제,M093908,도데실황산나트륨,도데실황산나트륨은(는) 장기제제 제제에서 사용되는 의약 성분이다.
장기제제,M095169,이산화실리콘,이산화실리콘은(는) 장기제제 제제에서 사용되는 의약 성분이다.
장기제제,M228862,돼지비장가수분해분말(폴리펩타이드로 100mg),돼지비장가수분해분말(폴리펩타이드로 100mg)은(는) 장기제제 제제에서 사용되는 의약 성분이다.
장기제제,M239964,스테아린산마그네슘,스테아린산마그네슘은(는) 장기제제 제제에서 사용되는 의약 성분이다.
치질용제,M040548,창출,창출은(는) 치질용제 제제에서 사용되는 의약 성분이다.
치질용제,M040688,페놀,페놀은(는) 치질용제 제제에서 사용되는 의약 성분이다.
치질용제,M095876,미리스트산이소프로필,미리스트산이소프로필은(는) 치질용제 제제에서 사용되는 의약 성분이다.
치질용제,M102730,히프로멜로오스2910,히프로멜로오스2910은(는) 치질용제 제제에서 사용되는 의약 성분이다.
치질용제,M214743,폴리에칠렌글리콜6000,폴리에칠렌글리콜6000은(는) 치질용제 제제에서 사용되는 의약 성분이다.
치질용제,M244105,폴리소르베이트80,폴리소르베이트80은(는) 치질용제 제제에서 사용되는 의약 성분이다.
합성마약,M071119,전분글리콜산나트륨,전분글리콜산나트륨은(는) 합성마약 제제에서 사용되는 의약 성분이다.
합성마약,M222612,염산 1N,염산 1N은(는) 합성마약 제제에서 사용되는 의약 성분이다.
합성마약,M223034,모르핀황산염수화물,모르핀황산염수화물은(는) 합성마약 제제에서 사용되는 의약 성분이다.
합성마약,M223578,"폴리에스테르필름 (Siliconized, 3mil)","폴리에스테르필름 (Siliconized, 3mil)은(는) 합성마약 제제에서 사용되는 의약 성분이다."
합성마약,M255647,듀로탁87-4098,듀로탁87-4098은(는) 합성마약 제제에서 사용되는 의약 성분이다.
항결핵제,M040567,카르나우바납,카르나우바납은(는) 항결핵제 제제에서 사용되는 의약 성분이다.
항결핵제,M215293,황색 203호,황색 203호은(는) 항결핵제 제제에서 사용되는 의약 성분이다.
항결핵제,M243430,스테아르산마그네슘,스테아르산마그네슘은(는) 항결핵제 제제에서 사용되는 의약 성분이다.
항결핵제,M244752,라우릴황산나트륨,라우릴황산나트륨은(는) 항결핵제 제제에서 사용되는 의약 성분이다.
항결핵제,M245060,콜로이드성이산화규소,콜로이드성이산화규소은(는) 항결핵제 제제에서 사용되는 의약 성분이다.
항원충제,M051652,티니다졸,티니다졸은(는) 항원충제 제제에서 사용되는 의약 성분이다.
항원충제,M088504,저치환도히드록시프로필메칠셀룰로오스,저치환도히드록시프로필메칠셀룰로오스은(는) 항원충제 제제에서 사용되는 의약 성분이다.
항원충제,M205921,산화티탄,산화티탄은(는) 항원충제 제제에서 사용되는 의약 성분이다.
항원충제,M215293,황색 203호,황색 203호은(는) 항원충제 제제에서 사용되는 의약 성분이다.
항원충제,M245108,미결정셀룰로오스,미결정셀룰로오스은(는) 항원충제 제제에서 사용되는 의약 성분이다.
항전간제,M085046,프로필파라벤,프로필파라벤은(는) 항전간제 제제에서 사용되는 의약 성분이다.
항전간제,M096120,(상ㆍ하)백색경질캡슐,(상ㆍ하)백색경질캡슐은(는) 항전간제 제제에서 사용되는 의약 성분이다.
항전간제,M099351,푸마르산스테아릴나트륨,푸마르산스테아릴나트륨은(는) 항전간제 제제에서 사용되는 의약 성분이다.
항전간제,M213535,오파드라이 II 노란색(85F12347),오파드라이 II 노란색(85F12347)은(는) 항전간제 제제에서 사용되는 의약 성분이다.
항전간제,M222558,파라옥시벤조산메틸,파라옥시벤조산메틸은(는) 항전간제 제제에서 사용되는 의약 성분이다.
항전간제,M222559,파라옥시벤조산프로필,파라옥시벤조산프로필은(는) 항전간제 제제에서 사용되는 의약 성분이다.
항전간제,M244993,경질무수규산,경질무수규산은(는) 항전간제 제제에서 사용되는 의약 성분이다.
항전간제,M250072,히프로멜로오스2208,히프로멜로오스2208은(는) 항전간제 제제에서 사용되는 의약 성분이다.
항전간제,M253731,상·하부 연주황색의 캡슐,상·하부 연주황색의 캡슐은(는) 항전간제 제제에서 사용되는 의약 성분이다.
항전간제,M262221,오파드라이 II 옐로우 (85F92084),오파드라이 II 옐로우 (85F92084)은(는) 항전간제 제제에서 사용되는 의약 성분이다.
항전간제,M267782,캡슐,캡슐은(는) 항전간제 제제에서 사용되는 의약 성분이다.
항전간제,M282374,오파드라이 주황색 (03B630039),오파드라이 주황색 (03B630039)은(는) 항전간제 제제에서 사용되는 의약 성분이다.
효소제제,M007111,유당,유당은(는) 효소제제 제제에서 사용되는 의약 성분이다.
효소제제,M040542,질소,질소은(는) 효소제제 제제에서 사용되는 의약 성분이다.
효소제제,M086302,루디프레스,루디프레스은(는) 효소제제 제제에서 사용되는 의약 성분이다.
효소제제,M209822,카르복시메틸셀룰로오스 나트륨,카르복시메틸셀룰로오스 나트륨은(는) 효소제제 제제에서 사용되는 의약 성분이다.
효소제제,M216354,오파드라이흰색(Y-1-7000),오파드라이흰색(Y-1-7000)은(는) 효소제제 제제에서 사용되는 의약 성분이다.
효소제제,M243315,카르복시메틸셀룰로오스칼슘,카르복시메틸셀룰로오스칼슘은(는) 효소제제 제제에서 사용되는 의약 성분이다.
효소제제,M256212,리소짐염산염,리소짐염산염은(는) 효소제제 제제에서 사용되는 의약 성분이다.
건위소화제,M040048,길경,길경은(는) 건위소화제 제제에서 사용되는 의약 성분이다.
건위소화제,M040536,지실,지실은(는) 건위소화제 제제에서 사용되는 의약 성분이다.
건위소화제,M040567,카르나우바납,카르나우바납은(는) 건위소화제 제제에서 사용되는 의약 성분이다.
건위소화제,M070032,계피틴크,계피틴크은(는) 건위소화제 제제에서 사용되는 의약 성분이다.
건위소화제,M103252,건강건조엑스(5ㆍ6→1),건강건조엑스(5ㆍ6→1)은(는) 건위소화제 제제에서 사용되는 의약 성분이다.
건위소화제,M110414,회향 가루,회향 가루은(는) 건위소화제 제제에서 사용되는 의약 성분이다.
건위소화제,M114477,오파드라이오렌지색(85F43034),오파드라이오렌지색(85F43034)은(는) 건위소화제 제제에서 사용되는 의약 성분이다.
건위소화제,M204045,포비돈K30,포비돈K30은(는) 건위소화제 제제에서 사용되는 의약 성분이다.
건위소화제,M210694,D-소르비톨액,D-소르비톨액은(는) 건위소화제 제제에서 사용되는 의약 성분이다.
건위소화제,M224556,오파드라이흰색(OY-B-28920),오파드라이흰색(OY-B-28920)은(는) 건위소화제 제제에서 사용되는 의약 성분이다.
건위소화제,M243326,스테아르산마그네슘,스테아르산마그네슘은(는) 건위소화제 제제에서 사용되는 의약 성분이다.
건위소화제,M254796,오파드라이 II 오렌지 85G630018,오파드라이 II 오렌지 85G630018은(는) 건위소화제 제제에서 사용되는 의약 성분이다.
건위소화제,M262496,창출연조엑스(2.7~3.3→1),창출연조엑스(2.7~3.3→1)은(는) 건위소화제 제제에서 사용되는 의약 성분이다.
건위소화제,M264937,모과,모과은(는) 건위소화제 제제에서 사용되는 의약 성분이다.
건위소화제,M266983,지실연조엑스(1.8∼2.2→1),지실연조엑스(1.8∼2.2→1)은(는) 건위소화제 제제에서 사용되는 의약 성분이다.
건위소화제,M269322,폴리옥실35피마자유,폴리옥실35피마자유은(는) 건위소화제 제제에서 사용되는 의약 성분이다.
건위소화제,M279284,L-멘톨,L-멘톨은(는) 건위소화제 제제에서 사용되는 의약 성분이다.
건위소화제,M280414,탭쉴드흰색(19W623),탭쉴드흰색(19W623)은(는) 건위소화제 제제에서 사용되는 의약 성분이다.
건위소화제,M280906,창출30%에탄올유동엑스(1→1),창출30%에탄올유동엑스(1→1)은(는) 건위소화제 제제에서 사용되는 의약 성분이다.
건위소화제,M284976,탭쉴드갈색(19B1553),탭쉴드갈색(19B1553)은(는) 건위소화제 제제에서 사용되는 의약 성분이다.
국소마취제,M081743,염산메피바카인,염산메피바카인은(는) 국소마취제 제제에서 사용되는 의약 성분이다.
국소마취제,M084110,피로아황산칼륨,피로아황산칼륨은(는) 국소마취제 제제에서 사용되는 의약 성분이다.
국소마취제,M086037,글리세릴모노스테아레이트,글리세릴모노스테아레이트은(는) 국소마취제 제제에서 사용되는 의약 성분이다.
국소마취제,M223368,인산수소나트륨수화물,인산수소나트륨수화물은(는) 국소마취제 제제에서 사용되는 의약 성분이다.
국소마취제,M234651,히드록시에틸 셀룰로오스,히드록시에틸 셀룰로오스은(는) 국소마취제 제제에서 사용되는 의약 성분이다.
국소마취제,M264760,로피바카인염산염,로피바카인염산염은(는) 국소마취제 제제에서 사용되는 의약 성분이다.
당뇨병용제,M060073,미결정셀룰로오스,미결정셀룰로오스은(는) 당뇨병용제 제제에서 사용되는 의약 성분이다.
당뇨병용제,M071571,폴리비닐알코올,폴리비닐알코올은(는) 당뇨병용제 제제에서 사용되는 의약 성분이다.
당뇨병용제,M095529,괄루근,괄루근은(는) 당뇨병용제 제제에서 사용되는 의약 성분이다.
당뇨병용제,M101634,히드록시프로필셀룰로오스,히드록시프로필셀룰로오스은(는) 당뇨병용제 제제에서 사용되는 의약 성분이다.
당뇨병용제,M204410,D-소르비톨,D-소르비톨은(는) 당뇨병용제 제제에서 사용되는 의약 성분이다.
당뇨병용제,M211346,폴리에틸렌글리콜400,폴리에틸렌글리콜400은(는) 당뇨병용제 제제에서 사용되는 의약 성분이다.
당뇨병용제,M219968,오파드라이 노란색 (85F12347)],오파드라이 노란색 (85F12347)]은(는) 당뇨병용제 제제에서 사용되는 의약 성분이다.
당뇨병용제,M223556,스테아르산마그네슘,스테아르산마그네슘은(는) 당뇨병용제 제제에서 사용되는 의약 성분이다.
당뇨병용제,M230677,경질무수규산,경질무수규산은(는) 당뇨병용제 제제에서 사용되는 의약 성분이다.
당뇨병용제,M239964,스테아린산마그네슘,스테아린산마그네슘은(는) 당뇨병용제 제제에서 사용되는 의약 성분이다.
당뇨병용제,M246279,시트르산무수물,시트르산무수물은(는) 당뇨병용제 제제에서 사용되는 의약 성분이다.
당뇨병용제,M246845,탤크,탤크은(는) 당뇨병용제 제제에서 사용되는 의약 성분이다.
당뇨병용제,M257809,메타아크릴산공중합체(TypeB),메타아크릴산공중합체(TypeB)은(는) 당뇨병용제 제제에서 사용되는 의약 성분이다.
당뇨병용제,M262134,오파드라이 빨간색(85F65004 Red),오파드라이 빨간색(85F65004 Red)은(는) 당뇨병용제 제제에서 사용되는 의약 성분이다.
당뇨병용제,M269748,메타아크릴산-아크릴산에틸공중합체(1:1),메타아크릴산-아크릴산에틸공중합체(1:1)은(는) 당뇨병용제 제제에서 사용되는 의약 성분이다.
당뇨병용제,M282917,오파드라이분홍색(200F240039),오파드라이분홍색(200F240039)은(는) 당뇨병용제 제제에서 사용되는 의약 성분이다.
당뇨병용제,M282918,오파드라이노란색(200F520056),오파드라이노란색(200F520056)은(는) 당뇨병용제 제제에서 사용되는 의약 성분이다.
당뇨병용제,M283278,오파드라이II핑크 (85F640030),오파드라이II핑크 (85F640030)은(는) 당뇨병용제 제제에서 사용되는 의약 성분이다.
당뇨병용제,M283784,오파드라이II85F62513노란색,오파드라이II85F62513노란색은(는) 당뇨병용제 제제에서 사용되는 의약 성분이다.
당뇨병용제,M283834,오파드라이베이지(03O670000),오파드라이베이지(03O670000)은(는) 당뇨병용제 제제에서 사용되는 의약 성분이다.
당뇨병용제,M283904,오파드라이노란색(AMBII88A520063),오파드라이노란색(AMBII88A520063)은(는) 당뇨병용제 제제에서 사용되는 의약 성분이다.
당뇨병용제,M285277,오파드라이 분홍색(QX321A640053),오파드라이 분홍색(QX321A640053)은(는) 당뇨병용제 제제에서 사용되는 의약 성분이다.
당뇨병용제,M285587,탭쉴드노란색(29Y1139),탭쉴드노란색(29Y1139)은(는) 당뇨병용제 제제에서 사용되는 의약 성분이다.
무기질제제,M102272,규산칼슘,규산칼슘은(는) 무기질제제 제제에서 사용되는 의약 성분이다.
무기질제제,M207833,아셀렌산,아셀렌산은(는) 무기질제제 제제에서 사용되는 의약 성분이다.
무기질제제,M208255,적색산화철,적색산화철은(는) 무기질제제 제제에서 사용되는 의약 성분이다.
무기질제제,M222317,"상, 하 적갈색의 경질캡슐","상, 하 적갈색의 경질캡슐은(는) 무기질제제 제제에서 사용되는 의약 성분이다."
무기질제제,M223368,인산수소나트륨수화물,인산수소나트륨수화물은(는) 무기질제제 제제에서 사용되는 의약 성분이다.
무기질제제,M278558,철단백추출물,철단백추출물은(는) 무기질제제 제제에서 사용되는 의약 성분이다.
무기질제제,M283015,탭쉴드노란색(319Y1075),탭쉴드노란색(319Y1075)은(는) 무기질제제 제제에서 사용되는 의약 성분이다.
무기질제제,M283283,아크릴이즈93O665014갈색,아크릴이즈93O665014갈색은(는) 무기질제제 제제에서 사용되는 의약 성분이다.
무기질제제,M284847,탭쉴드갈색(11B1572),탭쉴드갈색(11B1572)은(는) 무기질제제 제제에서 사용되는 의약 성분이다.
부정맥용제,M007131,정제수,정제수은(는) 부정맥용제 제제에서 사용되는 의약 성분이다.
부정맥용제,M215426,크로스카르멜로오스나트륨,크로스카르멜로오스나트륨은(는) 부정맥용제 제제에서 사용되는 의약 성분이다.
부정맥용제,M223556,스테아르산마그네슘,스테아르산마그네슘은(는) 부정맥용제 제제에서 사용되는 의약 성분이다.
부정맥용제,M256538,이스프레이흰색(GMIEKRPB01A),이스프레이흰색(GMIEKRPB01A)은(는) 부정맥용제 제제에서 사용되는 의약 성분이다.
부정맥용제,M273782,오파드라이QX흰색(321A180025),오파드라이QX흰색(321A180025)은(는) 부정맥용제 제제에서 사용되는 의약 성분이다.
순환계용약,M040450,옥수수전분,옥수수전분은(는) 순환계용약 제제에서 사용되는 의약 성분이다.
순환계용약,M101747,크로스카멜로오스나트륨,크로스카멜로오스나트륨은(는) 순환계용약 제제에서 사용되는 의약 성분이다.
순환계용약,M245108,미결정셀룰로오스,미결정셀룰로오스은(는) 순환계용약 제제에서 사용되는 의약 성분이다.
순환계용약,M249191,탤크,탤크은(는) 순환계용약 제제에서 사용되는 의약 성분이다.
순환계용약,M273892,은행엽 건조엑스,은행엽 건조엑스은(는) 순환계용약 제제에서 사용되는 의약 성분이다.
요로소독제,M089671,포비돈,포비돈은(는) 요로소독제 제제에서 사용되는 의약 성분이다.
요로소독제,M244534,스테아르산마그네슘,스테아르산마그네슘은(는) 요로소독제 제제에서 사용되는 의약 성분이다.
요로소독제,M261487,규화미결정셀룰로오스,규화미결정셀룰로오스은(는) 요로소독제 제제에서 사용되는 의약 성분이다.
요로소독제,M284283,메테나민히푸르산염,메테나민히푸르산염은(는) 요로소독제 제제에서 사용되는 의약 성분이다.
이비과용제,M040423,염산,염산은(는) 이비과용제 제제에서 사용되는 의약 성분이다.
이비과용제,M080883,피로아황산나트륨,피로아황산나트륨은(는) 이비과용제 제제에서 사용되는 의약 성분이다.
이비과용제,M081457,글리시리진산디칼륨,글리시리진산디칼륨은(는) 이비과용제 제제에서 사용되는 의약 성분이다.
이비과용제,M088656,글리신,글리신은(는) 이비과용제 제제에서 사용되는 의약 성분이다.
이비과용제,M223162,옥시메타졸린염산염,옥시메타졸린염산염은(는) 이비과용제 제제에서 사용되는 의약 성분이다.
이비과용제,M223367,유당수화물,유당수화물은(는) 이비과용제 제제에서 사용되는 의약 성분이다.
이비과용제,M223374,카르복시메틸셀룰로오스칼슘,카르복시메틸셀룰로오스칼슘은(는) 이비과용제 제제에서 사용되는 의약 성분이다.
이비과용제,M229401,미결정셀룰로오스,미결정셀룰로오스은(는) 이비과용제 제제에서 사용되는 의약 성분이다.
이비과용제,M266246,황금연조엑스(2.0~2.5→1),황금연조엑스(2.0~2.5→1)은(는) 이비과용제 제제에서 사용되는 의약 성분이다.
이비과용제,M269184,이상물건조엑스,이상물건조엑스은(는) 이비과용제 제제에서 사용되는 의약 성분이다.
이비과용제,M269953,폴리옥실40경화피마자유,폴리옥실40경화피마자유은(는) 이비과용제 제제에서 사용되는 의약 성분이다.
자궁수축제,M070004,수산화나트륨,수산화나트륨은(는) 자궁수축제 제제에서 사용되는 의약 성분이다.
자궁수축제,M081161,크로스포비돈,크로스포비돈은(는) 자궁수축제 제제에서 사용되는 의약 성분이다.
자궁수축제,M087109,트로메타몰,트로메타몰은(는) 자궁수축제 제제에서 사용되는 의약 성분이다.
자궁수축제,M089216,설프로스톤,설프로스톤은(는) 자궁수축제 제제에서 사용되는 의약 성분이다.
자궁수축제,M106631,카르베토신,카르베토신은(는) 자궁수축제 제제에서 사용되는 의약 성분이다.
자율신경제,M040395,에데트산나트륨,에데트산나트륨은(는) 자율신경제 제제에서 사용되는 의약 성분이다.
자율신경제,M083947,콜로이드성이산화규소,콜로이드성이산화규소은(는) 자율신경제 제제에서 사용되는 의약 성분이다.
자율신경제,M202507,카보머934P,카보머934P은(는) 자율신경제 제제에서 사용되는 의약 성분이다.
자율신경제,M212399,디아세틸화모노글리세라이드,디아세틸화모노글리세라이드은(는) 자율신경제 제제에서 사용되는 의약 성분이다.
자율신경제,M240300,황색4호,황색4호은(는) 자율신경제 제제에서 사용되는 의약 성분이다.
전신마취제,M040426,염화나트륨,염화나트륨은(는) 전신마취제 제제에서 사용되는 의약 성분이다.
전신마취제,M040542,질소,질소은(는) 전신마취제 제제에서 사용되는 의약 성분이다.
전신마취제,M102224,주사용증류수,주사용증류수은(는) 전신마취제 제제에서 사용되는 의약 성분이다.
전신마취제,M203763,정제난황레시틴,정제난황레시틴은(는) 전신마취제 제제에서 사용되는 의약 성분이다.
전신마취제,M223469,에데트산나트륨수화물,에데트산나트륨수화물은(는) 전신마취제 제제에서 사용되는 의약 성분이다.
진해거담제,M040024,과당,과당은(는) 진해거담제 제제에서 사용되는 의약 성분이다.
진해거담제,M040536,지실,지실은(는) 진해거담제 제제에서 사용되는 의약 성분이다.
진해거담제,M040789,황금,황금은(는) 진해거담제 제제에서 사용되는 의약 성분이다.
진해거담제,M060194,오렌지에센스,오렌지에센스은(는) 진해거담제 제제에서 사용되는 의약 성분이다.
진해거담제,M060260,카라멜,카라멜은(는) 진해거담제 제제에서 사용되는 의약 성분이다.
진해거담제,M070017,갱미,갱미은(는) 진해거담제 제제에서 사용되는 의약 성분이다.
진해거담제,M081683,푸마르산포르모테롤,푸마르산포르모테롤은(는) 진해거담제 제제에서 사용되는 의약 성분이다.
진해거담제,M086329,레몬향분말,레몬향분말은(는) 진해거담제 제제에서 사용되는 의약 성분이다.
진해거담제,M086503,벌꿀향,벌꿀향은(는) 진해거담제 제제에서 사용되는 의약 성분이다.
진해거담제,M089524,생지황엑스산,생지황엑스산은(는) 진해거담제 제제에서 사용되는 의약 성분이다.
진해거담제,M091660,향료(Clara SP-0019-R),향료(Clara SP-0019-R)은(는) 진해거담제 제제에서 사용되는 의약 성분이다.
진해거담제,M095660,독소필린,독소필린은(는) 진해거담제 제제에서 사용되는 의약 성분이다.
진해거담제,M099858,콩기름,콩기름은(는) 진해거담제 제제에서 사용되는 의약 성분이다.
진해거담제,M222904,플루티카손프로피오네이트,플루티카손프로피오네이트은(는) 진해거담제 제제에서 사용되는 의약 성분이다.
진해거담제,M223211,클로르페니라민말레산염,클로르페니라민말레산염은(는) 진해거담제 제제에서 사용되는 의약 성분이다.
진해거담제,M245072,콜로이드성이산화규소,콜로이드성이산화규소은(는) 진해거담제 제제에서 사용되는 의약 성분이다.
진해거담제,M246478,락색소,락색소은(는) 진해거담제 제제에서 사용되는 의약 성분이다.
진해거담제,M249539,히드록시프로필셀룰로오스,히드록시프로필셀룰로오스은(는) 진해거담제 제제에서 사용되는 의약 성분이다.
진해거담제,M253688,상하 녹색 캡슐,상하 녹색 캡슐은(는) 진해거담제 제제에서 사용되는 의약 성분이다.
진해거담제,M254445,티페피딘시트르산염,티페피딘시트르산염은(는) 진해거담제 제제에서 사용되는 의약 성분이다.
진해거담제,M258126,포르모테롤푸마르산염수화물(미분화),포르모테롤푸마르산염수화물(미분화)은(는) 진해거담제 제제에서 사용되는 의약 성분이다.
진해거담제,M268954,숙지황연조엑스(1.9~2.3→1),숙지황연조엑스(1.9~2.3→1)은(는) 진해거담제 제제에서 사용되는 의약 성분이다.
진해거담제,M269120,푸마르산스테아릴나트륨,푸마르산스테아릴나트륨은(는) 진해거담제 제제에서 사용되는 의약 성분이다.
진해거담제,M269684,자음강화탕연조엑스,자음강화탕연조엑스은(는) 진해거담제 제제에서 사용되는 의약 성분이다.
진해거담제,M279679,폴리옥실40경화피마자유,폴리옥실40경화피마자유은(는) 진해거담제 제제에서 사용되는 의약 성분이다.
진해거담제,M280472,베클로메타손디프로피오네이트(미분화),베클로메타손디프로피오네이트(미분화)은(는) 진해거담제 제제에서 사용되는 의약 성분이다.
진해거담제,M283635,블루베리 향료 RX-9733,블루베리 향료 RX-9733은(는) 진해거담제 제제에서 사용되는 의약 성분이다.
창상보호제,M040118,정제라놀린,정제라놀린은(는) 창상보호제 제제에서 사용되는 의약 성분이다.
창상보호제,M222558,파라옥시벤조산메틸,파라옥시벤조산메틸은(는) 창상보호제 제제에서 사용되는 의약 성분이다.
창상보호제,M222559,파라옥시벤조산프로필,파라옥시벤조산프로필은(는) 창상보호제 제제에서 사용되는 의약 성분이다.
창상보호제,M241582,초산토코페롤,초산토코페롤은(는) 창상보호제 제제에서 사용되는 의약 성분이다.
창상보호제,M244337,파라옥시안식향산프로필,파라옥시안식향산프로필은(는) 창상보호제 제제에서 사용되는 의약 성분이다.
최면진정제,M070004,수산화나트륨,수산화나트륨은(는) 최면진정제 제제에서 사용되는 의약 성분이다.
최면진정제,M086445,물건조엑스,물건조엑스은(는) 최면진정제 제제에서 사용되는 의약 성분이다.
최면진정제,M102967,히프로멜로오스,히프로멜로오스은(는) 최면진정제 제제에서 사용되는 의약 성분이다.
최면진정제,M105582,청색1호(브릴리안트블루FCF),청색1호(브릴리안트블루FCF)은(는) 최면진정제 제제에서 사용되는 의약 성분이다.
최면진정제,M226319,독시라민석시네이트,독시라민석시네이트은(는) 최면진정제 제제에서 사용되는 의약 성분이다.
최면진정제,M244674,오파드라이 흰색 (03B28796),오파드라이 흰색 (03B28796)은(는) 최면진정제 제제에서 사용되는 의약 성분이다.
최면진정제,M270219,청색2호알루미늄레이크,청색2호알루미늄레이크은(는) 최면진정제 제제에서 사용되는 의약 성분이다.
통풍치료제,M040450,옥수수전분,옥수수전분은(는) 통풍치료제 제제에서 사용되는 의약 성분이다.
통풍치료제,M084691,미결정셀룰로오스102,미결정셀룰로오스102은(는) 통풍치료제 제제에서 사용되는 의약 성분이다.
통풍치료제,M245108,미결정셀룰로오스,미결정셀룰로오스은(는) 통풍치료제 제제에서 사용되는 의약 성분이다.
통풍치료제,M245171,페북소스타트,페북소스타트은(는) 통풍치료제 제제에서 사용되는 의약 성분이다.
통풍치료제,M245186,페북소스타트,페북소스타트은(는) 통풍치료제 제제에서 사용되는 의약 성분이다.
함소흡입제,M040256,산소,산소은(는) 함소흡입제 제제에서 사용되는 의약 성분이다.
함소흡입제,M040491,이산화탄소,이산화탄소은(는) 함소흡입제 제제에서 사용되는 의약 성분이다.
함소흡입제,M040542,질소,질소은(는) 함소흡입제 제제에서 사용되는 의약 성분이다.
함소흡입제,M245846,산화질소,산화질소은(는) 함소흡입제 제제에서 사용되는 의약 성분이다.
혈관보강제,M040309,수산화칼륨,수산화칼륨은(는) 혈관보강제 제제에서 사용되는 의약 성분이다.
혈관보강제,M085383,히프로멜로스,히프로멜로스은(는) 혈관보강제 제제에서 사용되는 의약 성분이다.
혈관보강제,M099729,오파드라이OY-S-8761,오파드라이OY-S-8761은(는) 혈관보강제 제제에서 사용되는 의약 성분이다.
혈관보강제,M229401,미결정셀룰로오스,미결정셀룰로오스은(는) 혈관보강제 제제에서 사용되는 의약 성분이다.
혈관보강제,M245072,콜로이드성이산화규소,콜로이드성이산화규소은(는) 혈관보강제 제제에서 사용되는 의약 성분이다.
혈관수축제,M060073,미결정셀룰로오스,미결정셀룰로오스은(는) 혈관수축제 제제에서 사용되는 의약 성분이다.
혈관수축제,M080883,피로아황산나트륨,피로아황산나트륨은(는) 혈관수축제 제제에서 사용되는 의약 성분이다.
혈관수축제,M222724,페닐레프린염산염,페닐레프린염산염은(는) 혈관수축제 제제에서 사용되는 의약 성분이다.
혈관수축제,M223556,스테아르산마그네슘,스테아르산마그네슘은(는) 혈관수축제 제제에서 사용되는 의약 성분이다.
혈관수축제,M249191,탤크,탤크은(는) 혈관수축제 제제에서 사용되는 의약 성분이다.
혈관확장제,M060503,적색102호,적색102호은(는) 혈관확장제 제제에서 사용되는 의약 성분이다.
혈관확장제,M070038,결정셀룰로오스,결정셀룰로오스은(는) 혈관확장제 제제에서 사용되는 의약 성분이다.
혈관확장제,M098827,산화제이철,산화제이철은(는) 혈관확장제 제제에서 사용되는 의약 성분이다.
혈관확장제,M102967,히프로멜로오스,히프로멜로오스은(는) 혈관확장제 제제에서 사용되는 의약 성분이다.
혈관확장제,M215293,황색 203호,황색 203호은(는) 혈관확장제 제제에서 사용되는 의약 성분이다.
혈관확장제,M225992,(하부)적색캡슐,(하부)적색캡슐은(는) 혈관확장제 제제에서 사용되는 의약 성분이다.
혈관확장제,M243368,D-만니톨,D-만니톨은(는) 혈관확장제 제제에서 사용되는 의약 성분이다.
혈관확장제,M249600,소르비탄올레에이트,소르비탄올레에이트은(는) 혈관확장제 제제에서 사용되는 의약 성분이다.
혈관확장제,M250785,이소소르비드질산염 제피과립,이소소르비드질산염 제피과립은(는) 혈관확장제 제제에서 사용되는 의약 성분이다.
혈압강하제,M040637,탈크(활석가루),탈크(활석가루)은(는) 혈압강하제 제제에서 사용되는 의약 성분이다.
혈압강하제,M070037,경화피마자유,경화피마자유은(는) 혈압강하제 제제에서 사용되는 의약 성분이다.
혈압강하제,M081104,황색산화제이철,황색산화제이철은(는) 혈압강하제 제제에서 사용되는 의약 성분이다.
혈압강하제,M086809,전호화전분,전호화전분은(는) 혈압강하제 제제에서 사용되는 의약 성분이다.
혈압강하제,M089514,실리콘디옥시드,실리콘디옥시드은(는) 혈압강하제 제제에서 사용되는 의약 성분이다.
혈압강하제,M089839,황산화철,황산화철은(는) 혈압강하제 제제에서 사용되는 의약 성분이다.
혈압강하제,M102730,히프로멜로오스2910,히프로멜로오스2910은(는) 혈압강하제 제제에서 사용되는 의약 성분이다.
혈압강하제,M208936,황색5호  알루미늄레이크,황색5호  알루미늄레이크은(는) 혈압강하제 제제에서 사용되는 의약 성분이다.
혈압강하제,M223367,유당수화물,유당수화물은(는) 혈압강하제 제제에서 사용되는 의약 성분이다.
혈압강하제,M227578,오파드라이 OY-B-28920,오파드라이 OY-B-28920은(는) 혈압강하제 제제에서 사용되는 의약 성분이다.
혈압강하제,M239789,콜로이드성이산화규소,콜로이드성이산화규소은(는) 혈압강하제 제제에서 사용되는 의약 성분이다.
혈압강하제,M241134,오파드라이 노란색 (03B62479),오파드라이 노란색 (03B62479)은(는) 혈압강하제 제제에서 사용되는 의약 성분이다.
혈압강하제,M243405,포비돈K30,포비돈K30은(는) 혈압강하제 제제에서 사용되는 의약 성분이다.
혈압강하제,M243498,전분글리콘산나트륨,전분글리콘산나트륨은(는) 혈압강하제 제제에서 사용되는 의약 성분이다.
혈압강하제,M244400,폴리에틸렌글리콜8000,폴리에틸렌글리콜8000은(는) 혈압강하제 제제에서 사용되는 의약 성분이다.
혈압강하제,M246845,탤크,탤크은(는) 혈압강하제 제제에서 사용되는 의약 성분이다.
혈압강하제,M251481,오파드라이 빨간색(00F15613),오파드라이 빨간색(00F15613)은(는) 혈압강하제 제제에서 사용되는 의약 성분이다.
혈압강하제,M254832,암로디핀메실산염일수화물,암로디핀메실산염일수화물은(는) 혈압강하제 제제에서 사용되는 의약 성분이다.
혈압강하제,M256052,메타아크릴산디메틸아미노에틸·메타아크릴산메틸공중합체(유드라짓E),메타아크릴산디메틸아미노에틸·메타아크릴산메틸공중합체(유드라짓E)은(는) 혈압강하제 제제에서 사용되는 의약 성분이다.
혈압강하제,M256516,오파드라이 노란색(00F32892),오파드라이 노란색(00F32892)은(는) 혈압강하제 제제에서 사용되는 의약 성분이다.
혈압강하제,M261156,오파드라이II빨간색(85F25467),오파드라이II빨간색(85F25467)은(는) 혈압강하제 제제에서 사용되는 의약 성분이다.
혈압강하제,M277538,카르복시메틸에틸셀룰로오스,카르복시메틸에틸셀룰로오스은(는) 혈압강하제 제제에서 사용되는 의약 성분이다.
혈압강하제,M284769,의료용흡입기,의료용흡입기은(는) 혈압강하제 제제에서 사용되는 의약 성분이다.
혈액대용제,M040426,염화나트륨,염화나트륨은(는) 혈액대용제 제제에서 사용되는 의약 성분이다.
혈액대용제,M090685,글루콘산나트륨,글루콘산나트륨은(는) 혈액대용제 제제에서 사용되는 의약 성분이다.
혈액대용제,M104253,오파드라이Y-1R-2540,오파드라이Y-1R-2540은(는) 혈액대용제 제제에서 사용되는 의약 성분이다.
혈액대용제,M217500,염화칼슘수화물,염화칼슘수화물은(는) 혈액대용제 제제에서 사용되는 의약 성분이다.
혈액대용제,M246279,시트르산무수물,시트르산무수물은(는) 혈액대용제 제제에서 사용되는 의약 성분이다.
혈액제제류,M040658,트롬빈,트롬빈은(는) 혈액제제류 제제에서 사용되는 의약 성분이다.
혈액제제류,M094441,정제된특수처치젤라틴,정제된특수처치젤라틴은(는) 혈액제제류 제제에서 사용되는 의약 성분이다.
혈액제제류,M223003,말토오스수화물,말토오스수화물은(는) 혈액제제류 제제에서 사용되는 의약 성분이다.
혈액제제류,M246980,윙드인퓨젼 세트,윙드인퓨젼 세트은(는) 혈액제제류 제제에서 사용되는 의약 성분이다.
혈액제제류,M258238,수액세트,수액세트은(는) 혈액제제류 제제에서 사용되는 의약 성분이다.
호흡촉진제,M085046,프로필파라벤,프로필파라벤은(는) 호흡촉진제 제제에서 사용되는 의약 성분이다.
호흡촉진제,M102231,파라옥시안식향산프로필,파라옥시안식향산프로필은(는) 호흡촉진제 제제에서 사용되는 의약 성분이다.
호흡촉진제,M223183,카페인무수물,카페인무수물은(는) 호흡촉진제 제제에서 사용되는 의약 성분이다.
호흡촉진제,M236261,염산,염산은(는) 호흡촉진제 제제에서 사용되는 의약 성분이다.
호흡촉진제,M255158,메틸파라벤,메틸파라벤은(는) 호흡촉진제 제제에서 사용되는 의약 성분이다.
간장질환용제,M040225,복령,복령은(는) 간장질환용제 제제에서 사용되는 의약 성분이다.
간장질환용제,M040484,유당,유당은(는) 간장질환용제 제제에서 사용되는 의약 성분이다.
간장질환용제,M050067,경질무수규산,경질무수규산은(는) 간장질환용제 제제에서 사용되는 의약 성분이다.
간장질환용제,M050448,메타규산알루민산마그네슘,메타규산알루민산마그네슘은(는) 간장질환용제 제제에서 사용되는 의약 성분이다.
간장질환용제,M086212,대두유,대두유은(는) 간장질환용제 제제에서 사용되는 의약 성분이다.
간장질환용제,M096631,꿀(봉밀),꿀(봉밀)은(는) 간장질환용제 제제에서 사용되는 의약 성분이다.
간장질환용제,M114093,시클로덱스트린 시럽,시클로덱스트린 시럽은(는) 간장질환용제 제제에서 사용되는 의약 성분이다.
간장질환용제,M118364,오파드라이분홍색(OY-S-34907),오파드라이분홍색(OY-S-34907)은(는) 간장질환용제 제제에서 사용되는 의약 성분이다.
간장질환용제,M208255,적색산화철,적색산화철은(는) 간장질환용제 제제에서 사용되는 의약 성분이다.
간장질환용제,M210476,0.1%시아노코발라민,0.1%시아노코발라민은(는) 간장질환용제 제제에서 사용되는 의약 성분이다.
간장질환용제,M210694,D-소르비톨액,D-소르비톨액은(는) 간장질환용제 제제에서 사용되는 의약 성분이다.
간장질환용제,M211346,폴리에틸렌글리콜400,폴리에틸렌글리콜400은(는) 간장질환용제 제제에서 사용되는 의약 성분이다.
간장질환용제,M223015,DL-메티오닌,DL-메티오닌은(는) 간장질환용제 제제에서 사용되는 의약 성분이다.
간장질환용제,M239789,콜로이드성이산화규소,콜로이드성이산화규소은(는) 간장질환용제 제제에서 사용되는 의약 성분이다.
간장질환용제,M249191,탤크,탤크은(는) 간장질환용제 제제에서 사용되는 의약 성분이다.
간장질환용제,M268427,천연사과향61862,천연사과향61862은(는) 간장질환용제 제제에서 사용되는 의약 성분이다.
골격근이완제,M100077,32%벤젠설폰산액,32%벤젠설폰산액은(는) 골격근이완제 제제에서 사용되는 의약 성분이다.
골격근이완제,M210000,히프로멜로오스 2208,히프로멜로오스 2208은(는) 골격근이완제 제제에서 사용되는 의약 성분이다.
골격근이완제,M227968,유당수화물,유당수화물은(는) 골격근이완제 제제에서 사용되는 의약 성분이다.
골격근이완제,M242715,황색5호알루미늄레이크,황색5호알루미늄레이크은(는) 골격근이완제 제제에서 사용되는 의약 성분이다.
골격근이완제,M243326,스테아르산마그네슘,스테아르산마그네슘은(는) 골격근이완제 제제에서 사용되는 의약 성분이다.
골격근이완제,M246273,오파드라이 투명(YS-1-7006),오파드라이 투명(YS-1-7006)은(는) 골격근이완제 제제에서 사용되는 의약 성분이다.
남성호르몬제,M040639,테스토스테론,테스토스테론은(는) 남성호르몬제 제제에서 사용되는 의약 성분이다.
남성호르몬제,M083947,콜로이드성이산화규소,콜로이드성이산화규소은(는) 남성호르몬제 제제에서 사용되는 의약 성분이다.
남성호르몬제,M219962,묽은 염산,묽은 염산은(는) 남성호르몬제 제제에서 사용되는 의약 성분이다.
남성호르몬제,M234840,테스토스테론운데카노에이트,테스토스테론운데카노에이트은(는) 남성호르몬제 제제에서 사용되는 의약 성분이다.
남성호르몬제,M268800,정제 낙화생유,정제 낙화생유은(는) 남성호르몬제 제제에서 사용되는 의약 성분이다.
동맥경화용제,M040305,수산화나트륨,수산화나트륨은(는) 동맥경화용제 제제에서 사용되는 의약 성분이다.
동맥경화용제,M040634,침강탄산칼슘,침강탄산칼슘은(는) 동맥경화용제 제제에서 사용되는 의약 성분이다.
동맥경화용제,M060511,황색4호,황색4호은(는) 동맥경화용제 제제에서 사용되는 의약 성분이다.
동맥경화용제,M088337,폴리소르베이트80,폴리소르베이트80은(는) 동맥경화용제 제제에서 사용되는 의약 성분이다.
동맥경화용제,M088948,은행엽건조엑스,은행엽건조엑스은(는) 동맥경화용제 제제에서 사용되는 의약 성분이다.
동맥경화용제,M089514,실리콘디옥시드,실리콘디옥시드은(는) 동맥경화용제 제제에서 사용되는 의약 성분이다.
동맥경화용제,M117244,세프코트흰색(AT),세프코트흰색(AT)은(는) 동맥경화용제 제제에서 사용되는 의약 성분이다.
동맥경화용제,M208254,포비돈K-30,포비돈K-30은(는) 동맥경화용제 제제에서 사용되는 의약 성분이다.
동맥경화용제,M215074,베실산클로피도그렐,베실산클로피도그렐은(는) 동맥경화용제 제제에서 사용되는 의약 성분이다.
동맥경화용제,M220868,클로피도그렐나파디실레이트일수화물,클로피도그렐나파디실레이트일수화물은(는) 동맥경화용제 제제에서 사용되는 의약 성분이다.
동맥경화용제,M241238,오파드라이분홍색(85F64726),오파드라이분홍색(85F64726)은(는) 동맥경화용제 제제에서 사용되는 의약 성분이다.
동맥경화용제,M242796,스테아르산아연,스테아르산아연은(는) 동맥경화용제 제제에서 사용되는 의약 성분이다.
동맥경화용제,M243338,폴리에틸렌글리콜4000,폴리에틸렌글리콜4000은(는) 동맥경화용제 제제에서 사용되는 의약 성분이다.
동맥경화용제,M251084,"상부 적갈색, 하부 백색 캡슐","상부 적갈색, 하부 백색 캡슐은(는) 동맥경화용제 제제에서 사용되는 의약 성분이다."
동맥경화용제,M251609,전분글리콜산나르륨,전분글리콜산나르륨은(는) 동맥경화용제 제제에서 사용되는 의약 성분이다.
동맥경화용제,M257159,페노피브레이트 과립(미분화),페노피브레이트 과립(미분화)은(는) 동맥경화용제 제제에서 사용되는 의약 성분이다.
동맥경화용제,M263587,오파드라이II 노란색(32K620009),오파드라이II 노란색(32K620009)은(는) 동맥경화용제 제제에서 사용되는 의약 성분이다.
동맥경화용제,M273782,오파드라이QX흰색(321A180025),오파드라이QX흰색(321A180025)은(는) 동맥경화용제 제제에서 사용되는 의약 성분이다.
동맥경화용제,M278298,오파드라이분홍색(20B640004),오파드라이분홍색(20B640004)은(는) 동맥경화용제 제제에서 사용되는 의약 성분이다.
동맥경화용제,M280475,오파드라이 흰색 03F180004,오파드라이 흰색 03F180004은(는) 동맥경화용제 제제에서 사용되는 의약 성분이다.
부신호르몬제,M040717,프레드니솔론,프레드니솔론은(는) 부신호르몬제 제제에서 사용되는 의약 성분이다.
부신호르몬제,M051286,인산이수소나트륨,인산이수소나트륨은(는) 부신호르몬제 제제에서 사용되는 의약 성분이다.
부신호르몬제,M082577,청색1호알루미늄레이크,청색1호알루미늄레이크은(는) 부신호르몬제 제제에서 사용되는 의약 성분이다.
부신호르몬제,M083947,콜로이드성이산화규소,콜로이드성이산화규소은(는) 부신호르몬제 제제에서 사용되는 의약 성분이다.
부신호르몬제,M088504,저치환도히드록시프로필메칠셀룰로오스,저치환도히드록시프로필메칠셀룰로오스은(는) 부신호르몬제 제제에서 사용되는 의약 성분이다.
부신호르몬제,M261985,메틸프레드니솔론숙시네이트나트륨ㆍ건조인산나트륨ㆍ무수인산이수소나트륨,메틸프레드니솔론숙시네이트나트륨ㆍ건조인산나트륨ㆍ무수인산이수소나트륨은(는) 부신호르몬제 제제에서 사용되는 의약 성분이다.
소화기관용약,M082071,판크레아틴장용과립,판크레아틴장용과립은(는) 소화기관용약 제제에서 사용되는 의약 성분이다.
소화기관용약,M101939,프로솔브,프로솔브은(는) 소화기관용약 제제에서 사용되는 의약 성분이다.
소화기관용약,M102967,히프로멜로오스,히프로멜로오스은(는) 소화기관용약 제제에서 사용되는 의약 성분이다.
소화기관용약,M223083,시메티콘,시메티콘은(는) 소화기관용약 제제에서 사용되는 의약 성분이다.
소화기관용약,M244250,폴리에틸렌글리콜6000,폴리에틸렌글리콜6000은(는) 소화기관용약 제제에서 사용되는 의약 성분이다.
알레르기용약,M089671,포비돈,포비돈은(는) 알레르기용약 제제에서 사용되는 의약 성분이다.
알레르기용약,M244405,카르나우바납,카르나우바납은(는) 알레르기용약 제제에서 사용되는 의약 성분이다.
알레르기용약,M244534,스테아르산마그네슘,스테아르산마그네슘은(는) 알레르기용약 제제에서 사용되는 의약 성분이다.
알레르기용약,M244724,콜로이드성이산화규소,콜로이드성이산화규소은(는) 알레르기용약 제제에서 사용되는 의약 성분이다.
알레르기용약,M245108,미결정셀룰로오스,미결정셀룰로오스은(는) 알레르기용약 제제에서 사용되는 의약 성분이다.
정신신경용제,M040618,염산클로르프로마진,염산클로르프로마진은(는) 정신신경용제 제제에서 사용되는 의약 성분이다.
정신신경용제,M080845,아니스유,아니스유은(는) 정신신경용제 제제에서 사용되는 의약 성분이다.
정신신경용제,M081194,클로자핀,클로자핀은(는) 정신신경용제 제제에서 사용되는 의약 성분이다.
정신신경용제,M081835,브롬페리돌,브롬페리돌은(는) 정신신경용제 제제에서 사용되는 의약 성분이다.
정신신경용제,M102730,히프로멜로오스2910,히프로멜로오스2910은(는) 정신신경용제 제제에서 사용되는 의약 성분이다.
정신신경용제,M118122,오파드라이IIAMB흰색(88A180040),오파드라이IIAMB흰색(88A180040)은(는) 정신신경용제 제제에서 사용되는 의약 성분이다.
정신신경용제,M202851,구연산트라이에틸,구연산트라이에틸은(는) 정신신경용제 제제에서 사용되는 의약 성분이다.
정신신경용제,M203374,스테아르산,스테아르산은(는) 정신신경용제 제제에서 사용되는 의약 성분이다.
정신신경용제,M204017,페퍼민트미크론B-5010,페퍼민트미크론B-5010은(는) 정신신경용제 제제에서 사용되는 의약 성분이다.
정신신경용제,M208935,황색4호 알루미늄레이크,황색4호 알루미늄레이크은(는) 정신신경용제 제제에서 사용되는 의약 성분이다.
정신신경용제,M215426,크로스카르멜로오스나트륨,크로스카르멜로오스나트륨은(는) 정신신경용제 제제에서 사용되는 의약 성분이다.
정신신경용제,M222565,시트르산나트륨수화물,시트르산나트륨수화물은(는) 정신신경용제 제제에서 사용되는 의약 성분이다.
정신신경용제,M239844,혼합색소 녹색(PB-1543),혼합색소 녹색(PB-1543)은(는) 정신신경용제 제제에서 사용되는 의약 성분이다.
정신신경용제,M239987,규화 미결정셀룰로오스,규화 미결정셀룰로오스은(는) 정신신경용제 제제에서 사용되는 의약 성분이다.
정신신경용제,M243496,D-만니톨,D-만니톨은(는) 정신신경용제 제제에서 사용되는 의약 성분이다.
정신신경용제,M250479,팔리페리돈팔미테이트,팔리페리돈팔미테이트은(는) 정신신경용제 제제에서 사용되는 의약 성분이다.
정신신경용제,M256398,상-청색캡슐,상-청색캡슐은(는) 정신신경용제 제제에서 사용되는 의약 성분이다.
정신신경용제,M278467,오파드라이 II 분홍(85F94487),오파드라이 II 분홍(85F94487)은(는) 정신신경용제 제제에서 사용되는 의약 성분이다.
치과구강용약,M050521,바닐린,바닐린은(는) 치과구강용약 제제에서 사용되는 의약 성분이다.
치과구강용약,M051618,트로메타몰,트로메타몰은(는) 치과구강용약 제제에서 사용되는 의약 성분이다.
치과구강용약,M060502,적색3호,적색3호은(는) 치과구강용약 제제에서 사용되는 의약 성분이다.
치과구강용약,M082190,황색산화철,황색산화철은(는) 치과구강용약 제제에서 사용되는 의약 성분이다.
치과구강용약,M083799,정향유조합향,정향유조합향은(는) 치과구강용약 제제에서 사용되는 의약 성분이다.
치과구강용약,M090691,함수규산,함수규산은(는) 치과구강용약 제제에서 사용되는 의약 성분이다.
치과구강용약,M091374,무수인산수소칼슘,무수인산수소칼슘은(는) 치과구강용약 제제에서 사용되는 의약 성분이다.
치과구강용약,M101286,황색4호(타르트라진),황색4호(타르트라진)은(는) 치과구강용약 제제에서 사용되는 의약 성분이다.
치과구강용약,M101882,아마렛토향,아마렛토향은(는) 치과구강용약 제제에서 사용되는 의약 성분이다.
치과구강용약,M104083,츄잉껌베이스NC,츄잉껌베이스NC은(는) 치과구강용약 제제에서 사용되는 의약 성분이다.
치과구강용약,M115753,히드록시프로필메틸셀룰로오스,히드록시프로필메틸셀룰로오스은(는) 치과구강용약 제제에서 사용되는 의약 성분이다.
치과구강용약,M117845,황금연조엑스(1.5~1.9→1),황금연조엑스(1.5~1.9→1)은(는) 치과구강용약 제제에서 사용되는 의약 성분이다.
치과구강용약,M200648,박하유후레바비-2115,박하유후레바비-2115은(는) 치과구강용약 제제에서 사용되는 의약 성분이다.
치과구강용약,M210694,D-소르비톨액,D-소르비톨액은(는) 치과구강용약 제제에서 사용되는 의약 성분이다.
치과구강용약,M239402,라우릴황산나트륨,라우릴황산나트륨은(는) 치과구강용약 제제에서 사용되는 의약 성분이다.
치과구강용약,M243496,D-만니톨,D-만니톨은(는) 치과구강용약 제제에서 사용되는 의약 성분이다.
치과구강용약,M254227,제피형아스코르브산96%TypeSC,제피형아스코르브산96%TypeSC은(는) 치과구강용약 제제에서 사용되는 의약 성분이다.
치과구강용약,M279782,L-멘톨,L-멘톨은(는) 치과구강용약 제제에서 사용되는 의약 성분이다.
항악성종양제,M040033,무수구연산,무수구연산은(는) 항악성종양제 제제에서 사용되는 의약 성분이다.
항악성종양제,M040450,옥수수전분,옥수수전분은(는) 항악성종양제 제제에서 사용되는 의약 성분이다.
항악성종양제,M081315,딸기향,딸기향은(는) 항악성종양제 제제에서 사용되는 의약 성분이다.
항악성종양제,M081837,아스파탐,아스파탐은(는) 항악성종양제 제제에서 사용되는 의약 성분이다.
항악성종양제,M083286,폴리옥시에칠렌피마자유,폴리옥시에칠렌피마자유은(는) 항악성종양제 제제에서 사용되는 의약 성분이다.
항악성종양제,M091494,알코올,알코올은(는) 항악성종양제 제제에서 사용되는 의약 성분이다.
항악성종양제,M095766,폴리솔베이트80,폴리솔베이트80은(는) 항악성종양제 제제에서 사용되는 의약 성분이다.
항악성종양제,M101621,황화부틸에텔β-시클로덱스트린나트륨(SBECD),황화부틸에텔β-시클로덱스트린나트륨(SBECD)은(는) 항악성종양제 제제에서 사용되는 의약 성분이다.
항악성종양제,M200547,멜팔란,멜팔란은(는) 항악성종양제 제제에서 사용되는 의약 성분이다.
항악성종양제,M204148,폴리에틸렌글라이콜300,폴리에틸렌글라이콜300은(는) 항악성종양제 제제에서 사용되는 의약 성분이다.
항악성종양제,M205912,부틸히드록시톨루엔(BHT),부틸히드록시톨루엔(BHT)은(는) 항악성종양제 제제에서 사용되는 의약 성분이다.
항악성종양제,M239948,탈크,탈크은(는) 항악성종양제 제제에서 사용되는 의약 성분이다.
항악성종양제,M243210,미결정셀룰로오스,미결정셀룰로오스은(는) 항악성종양제 제제에서 사용되는 의약 성분이다.
항악성종양제,M243347,스테아르산마그네슘,스테아르산마그네슘은(는) 항악성종양제 제제에서 사용되는 의약 성분이다.
항악성종양제,M244493,라우릴황산나트륨,라우릴황산나트륨은(는) 항악성종양제 제제에서 사용되는 의약 성분이다.
항악성종양제,M251761,폴리에틸렌글리콜(1450),폴리에틸렌글리콜(1450)은(는) 항악성종양제 제제에서 사용되는 의약 성분이다.
항악성종양제,M254253,보리노스타트,보리노스타트은(는) 항악성종양제 제제에서 사용되는 의약 성분이다.
항악성종양제,M257069,소라페닙토실레이트(미분화),소라페닙토실레이트(미분화)은(는) 항악성종양제 제제에서 사용되는 의약 성분이다.
항악성종양제,M261748,펨브롤리주맙,펨브롤리주맙은(는) 항악성종양제 제제에서 사용되는 의약 성분이다.
항악성종양제,M262965,오파드라이흰색(OY-GM-28900),오파드라이흰색(OY-GM-28900)은(는) 항악성종양제 제제에서 사용되는 의약 성분이다.
항악성종양제,M263513,프로필렌글리콜디카프릴로카프레이트,프로필렌글리콜디카프릴로카프레이트은(는) 항악성종양제 제제에서 사용되는 의약 성분이다.
항악성종양제,M269056,멸균주사침,멸균주사침은(는) 항악성종양제 제제에서 사용되는 의약 성분이다.
항악성종양제,M283075,트라스투주맙데룩스테칸,트라스투주맙데룩스테칸은(는) 항악성종양제 제제에서 사용되는 의약 성분이다.
항악성종양제,M284060,오파드라이AMBⅡ88A620004노란색,오파드라이AMBⅡ88A620004노란색은(는) 항악성종양제 제제에서 사용되는 의약 성분이다.
항악성종양제,M285496,탈라타맙,탈라타맙은(는) 항악성종양제 제제에서 사용되는 의약 성분이다.
항히스타민제,M050833,염산슈도에페드린,염산슈도에페드린은(는) 항히스타민제 제제에서 사용되는 의약 성분이다.
항히스타민제,M082265,스트로베리미크론,스트로베리미크론은(는) 항히스타민제 제제에서 사용되는 의약 성분이다.
항히스타민제,M088220,아라비아검,아라비아검은(는) 항히스타민제 제제에서 사용되는 의약 성분이다.
항히스타민제,M089840,미졸라스틴,미졸라스틴은(는) 항히스타민제 제제에서 사용되는 의약 성분이다.
항히스타민제,M203913,클로르페니라민말레인산염,클로르페니라민말레인산염은(는) 항히스타민제 제제에서 사용되는 의약 성분이다.
항히스타민제,M207642,백당,백당은(는) 항히스타민제 제제에서 사용되는 의약 성분이다.
항히스타민제,M207845,D-소르비톨액 70%,D-소르비톨액 70%은(는) 항히스타민제 제제에서 사용되는 의약 성분이다.
항히스타민제,M223363,사카린나트륨수화물,사카린나트륨수화물은(는) 항히스타민제 제제에서 사용되는 의약 성분이다.
항히스타민제,M223374,카르복시메틸셀룰로오스칼슘,카르복시메틸셀룰로오스칼슘은(는) 항히스타민제 제제에서 사용되는 의약 성분이다.
항히스타민제,M244250,폴리에틸렌글리콜6000,폴리에틸렌글리콜6000은(는) 항히스타민제 제제에서 사용되는 의약 성분이다.
항히스타민제,M244671,프로필렌글리콜,프로필렌글리콜은(는) 항히스타민제 제제에서 사용되는 의약 성분이다.
항히스타민제,M261157,오파드라이II흰색(85F18422),오파드라이II흰색(85F18422)은(는) 항히스타민제 제제에서 사용되는 의약 성분이다.
항히스타민제,M267744,오파드라이II 흰색(85F18422),오파드라이II 흰색(85F18422)은(는) 항히스타민제 제제에서 사용되는 의약 성분이다.
항히스타민제,M281100,조합향료(포도향G-21046),조합향료(포도향G-21046)은(는) 항히스타민제 제제에서 사용되는 의약 성분이다.
호흡기관용약,M040006,감초,감초은(는) 호흡기관용약 제제에서 사용되는 의약 성분이다.
호흡기관용약,M040213,인삼,인삼은(는) 호흡기관용약 제제에서 사용되는 의약 성분이다.
호흡기관용약,M060073,미결정셀룰로오스,미결정셀룰로오스은(는) 호흡기관용약 제제에서 사용되는 의약 성분이다.
호흡기관용약,M209359,폴리에틸렌글리콜6000,폴리에틸렌글리콜6000은(는) 호흡기관용약 제제에서 사용되는 의약 성분이다.
호흡기관용약,M218953,이상 연조엑스로서,이상 연조엑스로서은(는) 호흡기관용약 제제에서 사용되는 의약 성분이다.
말초신경계용약,M081837,아스파탐,아스파탐은(는) 말초신경계용약 제제에서 사용되는 의약 성분이다.
말초신경계용약,M223087,시트르산나트륨수화물,시트르산나트륨수화물은(는) 말초신경계용약 제제에서 사용되는 의약 성분이다.
말초신경계용약,M223090,시트르산수화물,시트르산수화물은(는) 말초신경계용약 제제에서 사용되는 의약 성분이다.
말초신경계용약,M244961,폴리소르베이트80,폴리소르베이트80은(는) 말초신경계용약 제제에서 사용되는 의약 성분이다.
말초신경계용약,M266361,사과향분말,사과향분말은(는) 말초신경계용약 제제에서 사용되는 의약 성분이다.
소화성궤양용제,M040631,탄산수소나트륨,탄산수소나트륨은(는) 소화성궤양용제 제제에서 사용되는 의약 성분이다.
소화성궤양용제,M081842,무수유당,무수유당은(는) 소화성궤양용제 제제에서 사용되는 의약 성분이다.
소화성궤양용제,M085578,란소프라졸,란소프라졸은(는) 소화성궤양용제 제제에서 사용되는 의약 성분이다.
소화성궤양용제,M089764,니자티딘,니자티딘은(는) 소화성궤양용제 제제에서 사용되는 의약 성분이다.
소화성궤양용제,M100981,메타아크릴산ㆍ아크릴산에칠코폴리머,메타아크릴산ㆍ아크릴산에칠코폴리머은(는) 소화성궤양용제 제제에서 사용되는 의약 성분이다.
소화성궤양용제,M115742,황색5호(선셋옐로우FCF)알루미늄레이크,황색5호(선셋옐로우FCF)알루미늄레이크은(는) 소화성궤양용제 제제에서 사용되는 의약 성분이다.
소화성궤양용제,M202468,미결정셀룰로오스PH101,미결정셀룰로오스PH101은(는) 소화성궤양용제 제제에서 사용되는 의약 성분이다.
소화성궤양용제,M203157,미결정셀룰로오스카르복시메틸셀룰로오스소듐,미결정셀룰로오스카르복시메틸셀룰로오스소듐은(는) 소화성궤양용제 제제에서 사용되는 의약 성분이다.
소화성궤양용제,M203374,스테아르산,스테아르산은(는) 소화성궤양용제 제제에서 사용되는 의약 성분이다.
소화성궤양용제,M211982,오파드라이 흰색 03B28796,오파드라이 흰색 03B28796은(는) 소화성궤양용제 제제에서 사용되는 의약 성분이다.
소화성궤양용제,M232118,"상,하부 흰색의 캡슐","상,하부 흰색의 캡슐은(는) 소화성궤양용제 제제에서 사용되는 의약 성분이다."
소화성궤양용제,M243315,카르복시메틸셀룰로오스칼슘,카르복시메틸셀룰로오스칼슘은(는) 소화성궤양용제 제제에서 사용되는 의약 성분이다.
소화성궤양용제,M244091,폴리에틸렌글리콜 6000,폴리에틸렌글리콜 6000은(는) 소화성궤양용제 제제에서 사용되는 의약 성분이다.
소화성궤양용제,M244581,오파드라이 흰색 85F18422,오파드라이 흰색 85F18422은(는) 소화성궤양용제 제제에서 사용되는 의약 성분이다.
소화성궤양용제,M244752,라우릴황산나트륨,라우릴황산나트륨은(는) 소화성궤양용제 제제에서 사용되는 의약 성분이다.
소화성궤양용제,M244961,폴리소르베이트80,폴리소르베이트80은(는) 소화성궤양용제 제제에서 사용되는 의약 성분이다.
소화성궤양용제,M252103,청색1호(브릴리안트블루 FCE),청색1호(브릴리안트블루 FCE)은(는) 소화성궤양용제 제제에서 사용되는 의약 성분이다.
소화성궤양용제,M255654,오파드라이Ⅱ흰색(85G68914),오파드라이Ⅱ흰색(85G68914)은(는) 소화성궤양용제 제제에서 사용되는 의약 성분이다.
소화성궤양용제,M256851,오파코드 갈색(S-1-16530),오파코드 갈색(S-1-16530)은(는) 소화성궤양용제 제제에서 사용되는 의약 성분이다.
소화성궤양용제,M259675,레몬라임후레바 SJ-B,레몬라임후레바 SJ-B은(는) 소화성궤양용제 제제에서 사용되는 의약 성분이다.
소화성궤양용제,M261864,오파드라이 녹색 200F610000,오파드라이 녹색 200F610000은(는) 소화성궤양용제 제제에서 사용되는 의약 성분이다.
소화성궤양용제,M269980,바나나민트향1(HF-AI18890),바나나민트향1(HF-AI18890)은(는) 소화성궤양용제 제제에서 사용되는 의약 성분이다.
소화성궤양용제,M270318,전분글리콘산나트륨,전분글리콘산나트륨은(는) 소화성궤양용제 제제에서 사용되는 의약 성분이다.
소화성궤양용제,M270333,메타아크릴산ㆍ아크릴산에틸공중합체(1:1)분산액30%,메타아크릴산ㆍ아크릴산에틸공중합체(1:1)분산액30%은(는) 소화성궤양용제 제제에서 사용되는 의약 성분이다.
소화성궤양용제,M279786,천연레몬오일31427,천연레몬오일31427은(는) 소화성궤양용제 제제에서 사용되는 의약 성분이다.
소화성궤양용제,M280266,아크릴리즈흰색(93A18597),아크릴리즈흰색(93A18597)은(는) 소화성궤양용제 제제에서 사용되는 의약 성분이다.
소화성궤양용제,M281183,오파드라이QX녹색(321A610046),오파드라이QX녹색(321A610046)은(는) 소화성궤양용제 제제에서 사용되는 의약 성분이다.
자양강장변질제,M116718,천궁 연조엑스(3.0~3.7→1),천궁 연조엑스(3.0~3.7→1)은(는) 자양강장변질제 제제에서 사용되는 의약 성분이다.
자양강장변질제,M116722,감초 연조엑스(2.4~2.9→1),감초 연조엑스(2.4~2.9→1)은(는) 자양강장변질제 제제에서 사용되는 의약 성분이다.
자양강장변질제,M116723,생강 연조엑스(12.3~15.0→1),생강 연조엑스(12.3~15.0→1)은(는) 자양강장변질제 제제에서 사용되는 의약 성분이다.
자양강장변질제,M200168,꿀,꿀은(는) 자양강장변질제 제제에서 사용되는 의약 성분이다.
자양강장변질제,M267646,황기연조엑스(2.8∼3.4→1),황기연조엑스(2.8∼3.4→1)은(는) 자양강장변질제 제제에서 사용되는 의약 성분이다.
종합대사성제제,M040208,백납,백납은(는) 종합대사성제제 제제에서 사용되는 의약 성분이다.
종합대사성제제,M040600,콩기름,콩기름은(는) 종합대사성제제 제제에서 사용되는 의약 성분이다.
종합대사성제제,M082989,황색5호알루미늄레이크,황색5호알루미늄레이크은(는) 종합대사성제제 제제에서 사용되는 의약 성분이다.
종합대사성제제,M089671,포비돈,포비돈은(는) 종합대사성제제 제제에서 사용되는 의약 성분이다.
종합대사성제제,M258013,세인트존스워트80%메탄올건조엑스,세인트존스워트80%메탄올건조엑스은(는) 종합대사성제제 제제에서 사용되는 의약 성분이다.
중추신경계용약,M207642,백당,백당은(는) 중추신경계용약 제제에서 사용되는 의약 성분이다.
중추신경계용약,M215288,L-히스티딘,L-히스티딘은(는) 중추신경계용약 제제에서 사용되는 의약 성분이다.
중추신경계용약,M224776,오파드라이흰색(85F18378),오파드라이흰색(85F18378)은(는) 중추신경계용약 제제에서 사용되는 의약 성분이다.
중추신경계용약,M259428,에데트산나트륨수화물,에데트산나트륨수화물은(는) 중추신경계용약 제제에서 사용되는 의약 성분이다.
중추신경계용약,M280800,프레마네주맙,프레마네주맙은(는) 중추신경계용약 제제에서 사용되는 의약 성분이다.
혈액응고저지제,M081161,크로스포비돈,크로스포비돈은(는) 혈액응고저지제 제제에서 사용되는 의약 성분이다.
혈액응고저지제,M215426,크로스카르멜로오스나트륨,크로스카르멜로오스나트륨은(는) 혈액응고저지제 제제에서 사용되는 의약 성분이다.
혈액응고저지제,M236261,염산,염산은(는) 혈액응고저지제 제제에서 사용되는 의약 성분이다.
혈액응고저지제,M261487,규화미결정셀룰로오스,규화미결정셀룰로오스은(는) 혈액응고저지제 제제에서 사용되는 의약 성분이다.
혈액응고저지제,M283320,아픽사반(미분화),아픽사반(미분화)은(는) 혈액응고저지제 제제에서 사용되는 의약 성분이다.
화농성질환용제,M051351,지각,지각은(는) 화농성질환용제 제제에서 사용되는 의약 성분이다.
화농성질환용제,M070004,수산화나트륨,수산화나트륨은(는) 화농성질환용제 제제에서 사용되는 의약 성분이다.
화농성질환용제,M088763,베타덱스,베타덱스은(는) 화농성질환용제 제제에서 사용되는 의약 성분이다.
화농성질환용제,M209359,폴리에틸렌글리콜6000,폴리에틸렌글리콜6000은(는) 화농성질환용제 제제에서 사용되는 의약 성분이다.
화농성질환용제,M229357,폴리소르베이트 60,폴리소르베이트 60은(는) 화농성질환용제 제제에서 사용되는 의약 성분이다.
화농성질환용제,M247622,"재조합인간상피세포성장인자 (숙주:Escherichia coli JM101, 벡터:pTE105)","재조합인간상피세포성장인자 (숙주:Escherichia coli JM101, 벡터:pTE105)은(는) 화농성질환용제 제제에서 사용되는 의약 성분이다."
화농성질환용제,M266838,지각연조엑스(1.8~2.2→1),지각연조엑스(1.8~2.2→1)은(는) 화농성질환용제 제제에서 사용되는 의약 성분이다.
뇌하수체호르몬제,M083252,인산이수소나트륨일수화물,인산이수소나트륨일수화물은(는) 뇌하수체호르몬제 제제에서 사용되는 의약 성분이다.
뇌하수체호르몬제,M087012,잔탄검,잔탄검은(는) 뇌하수체호르몬제 제제에서 사용되는 의약 성분이다.
뇌하수체호르몬제,M207642,백당,백당은(는) 뇌하수체호르몬제 제제에서 사용되는 의약 성분이다.
뇌하수체호르몬제,M212447,아세트산 무수물,아세트산 무수물은(는) 뇌하수체호르몬제 제제에서 사용되는 의약 성분이다.
뇌하수체호르몬제,M239952,유전자재조합 인성장호르몬(소마트로핀) 숙주:Saccharomyces cerevisiae 2150/벡터:pYLBC-ADH/GAP-hGH,유전자재조합 인성장호르몬(소마트로핀) 숙주:Saccharomyces cerevisiae 2150/벡터:pYLBC-ADH/GAP-hGH은(는) 뇌하수체호르몬제 제제에서 사용되는 의약 성분이다.
단백아미노산제제,M070004,수산화나트륨,수산화나트륨은(는) 단백아미노산제제 제제에서 사용되는 의약 성분이다.
단백아미노산제제,M082399,경질탄산마그네슘,경질탄산마그네슘은(는) 단백아미노산제제 제제에서 사용되는 의약 성분이다.
단백아미노산제제,M085161,글루타민산,글루타민산은(는) 단백아미노산제제 제제에서 사용되는 의약 성분이다.
단백아미노산제제,M091013,초산아연2수화물,초산아연2수화물은(는) 단백아미노산제제 제제에서 사용되는 의약 성분이다.
단백아미노산제제,M204435,L-세린,L-세린은(는) 단백아미노산제제 제제에서 사용되는 의약 성분이다.
단백아미노산제제,M214313,L-티로신,L-티로신은(는) 단백아미노산제제 제제에서 사용되는 의약 성분이다.
단백아미노산제제,M232835,인산이수소나트륨수화물,인산이수소나트륨수화물은(는) 단백아미노산제제 제제에서 사용되는 의약 성분이다.
단백아미노산제제,M244350,판토텐산칼슘,판토텐산칼슘은(는) 단백아미노산제제 제제에서 사용되는 의약 성분이다.
단백아미노산제제,M245618,미결정셀룰로오스 및 카르복시메틸셀룰로오스나트륨,미결정셀룰로오스 및 카르복시메틸셀룰로오스나트륨은(는) 단백아미노산제제 제제에서 사용되는 의약 성분이다.
단백아미노산제제,M250953,아세트산아연수화물,아세트산아연수화물은(는) 단백아미노산제제 제제에서 사용되는 의약 성분이다.
단백아미노산제제,M256052,메타아크릴산디메틸아미노에틸·메타아크릴산메틸공중합체(유드라짓E),메타아크릴산디메틸아미노에틸·메타아크릴산메틸공중합체(유드라짓E)은(는) 단백아미노산제제 제제에서 사용되는 의약 성분이다.
단백아미노산제제,M256263,염기성부틸레이티드메타아크릴레이트공중합체,염기성부틸레이티드메타아크릴레이트공중합체은(는) 단백아미노산제제 제제에서 사용되는 의약 성분이다.
단백아미노산제제,M256563,글루탐산,글루탐산은(는) 단백아미노산제제 제제에서 사용되는 의약 성분이다.
단백아미노산제제,M259284,L-아스파르트산-L-오르니틴무수물,L-아스파르트산-L-오르니틴무수물은(는) 단백아미노산제제 제제에서 사용되는 의약 성분이다.
외피용살균소독제,M051286,인산이수소나트륨,인산이수소나트륨은(는) 외피용살균소독제 제제에서 사용되는 의약 성분이다.
외피용살균소독제,M213532,프로판올,프로판올은(는) 외피용살균소독제 제제에서 사용되는 의약 성분이다.
외피용살균소독제,M216229,라벤더향,라벤더향은(는) 외피용살균소독제 제제에서 사용되는 의약 성분이다.
외피용살균소독제,M223087,시트르산나트륨수화물,시트르산나트륨수화물은(는) 외피용살균소독제 제제에서 사용되는 의약 성분이다.
외피용살균소독제,M243030,글루콘산클로르헥시딘액,글루콘산클로르헥시딘액은(는) 외피용살균소독제 제제에서 사용되는 의약 성분이다.
외피용살균소독제,M269699,청색1호알루미늄레이크,청색1호알루미늄레이크은(는) 외피용살균소독제 제제에서 사용되는 의약 성분이다.
인공신장관류용제,M007131,정제수,정제수은(는) 인공신장관류용제 제제에서 사용되는 의약 성분이다.
인공신장관류용제,M040426,염화나트륨,염화나트륨은(는) 인공신장관류용제 제제에서 사용되는 의약 성분이다.
인공신장관류용제,M051011,엘알기닌,엘알기닌은(는) 인공신장관류용제 제제에서 사용되는 의약 성분이다.
인공신장관류용제,M051013,엘알라닌,엘알라닌은(는) 인공신장관류용제 제제에서 사용되는 의약 성분이다.
인공신장관류용제,M100995,엘로이신,엘로이신은(는) 인공신장관류용제 제제에서 사용되는 의약 성분이다.
단백동화스테로이드제,M040450,옥수수전분,옥수수전분은(는) 단백동화스테로이드제 제제에서 사용되는 의약 성분이다.
단백동화스테로이드제,M051171,옥시메톨론,옥시메톨론은(는) 단백동화스테로이드제 제제에서 사용되는 의약 성분이다.
단백동화스테로이드제,M071119,전분글리콜산나트륨,전분글리콜산나트륨은(는) 단백동화스테로이드제 제제에서 사용되는 의약 성분이다.
단백동화스테로이드제,M223367,유당수화물,유당수화물은(는) 단백동화스테로이드제 제제에서 사용되는 의약 성분이다.
단백동화스테로이드제,M223556,스테아르산마그네슘,스테아르산마그네슘은(는) 단백동화스테로이드제 제제에서 사용되는 의약 성분이다.
아편알카로이드계 제제,M051756,포비돈,포비돈은(는) 아편알카로이드계 제제 제제에서 사용되는 의약 성분이다.
아편알카로이드계 제제,M089671,포비돈,포비돈은(는) 아편알카로이드계 제제 제제에서 사용되는 의약 성분이다.
아편알카로이드계 제제,M214018,콜로이드성 이산화규소,콜로이드성 이산화규소은(는) 아편알카로이드계 제제 제제에서 사용되는 의약 성분이다.
아편알카로이드계 제제,M223374,카르복시메틸셀룰로오스칼슘,카르복시메틸셀룰로오스칼슘은(는) 아편알카로이드계 제제 제제에서 사용되는 의약 성분이다.
아편알카로이드계 제제,M249066,산화폴리에틸렌2000K,산화폴리에틸렌2000K은(는) 아편알카로이드계 제제 제제에서 사용되는 의약 성분이다.
비뇨생식기관용제(성병예방제포함),M060073,미결정셀룰로오스,미결정셀룰로오스은(는) 비뇨생식기관용제(성병예방제포함) 제제에서 사용되는 의약 성분이다.
비뇨생식기관용제(성병예방제포함),M083947,콜로이드성이산화규소,콜로이드성이산화규소은(는) 비뇨생식기관용제(성병예방제포함) 제제에서 사용되는 의약 성분이다.
비뇨생식기관용제(성병예방제포함),M086404,미네랄오일,미네랄오일은(는) 비뇨생식기관용제(성병예방제포함) 제제에서 사용되는 의약 성분이다.
비뇨생식기관용제(성병예방제포함),M212050,쎄니틴 T60,쎄니틴 T60은(는) 비뇨생식기관용제(성병예방제포함) 제제에서 사용되는 의약 성분이다.
비뇨생식기관용제(성병예방제포함),M230677,경질무수규산,경질무수규산은(는) 비뇨생식기관용제(성병예방제포함) 제제에서 사용되는 의약 성분이다.
면역혈청학적 검사용 시약,M040450,옥수수전분,옥수수전분은(는) 면역혈청학적 검사용 시약 제제에서 사용되는 의약 성분이다.
면역혈청학적 검사용 시약,M096665,시트르산나트륨,시트르산나트륨은(는) 면역혈청학적 검사용 시약 제제에서 사용되는 의약 성분이다.
면역혈청학적 검사용 시약,M103798,요소(¹³C),요소(¹³C)은(는) 면역혈청학적 검사용 시약 제제에서 사용되는 의약 성분이다.
면역혈청학적 검사용 시약,M239964,스테아린산마그네슘,스테아린산마그네슘은(는) 면역혈청학적 검사용 시약 제제에서 사용되는 의약 성분이다.
면역혈청학적 검사용 시약,M258591,"상,하부 오렌지색 캡슐","상,하부 오렌지색 캡슐은(는) 면역혈청학적 검사용 시약 제제에서 사용되는 의약 성분이다."
비뇨생식기관 및 항문용약,M244572,프로필렌글리콜모노카프릴레이트,프로필렌글리콜모노카프릴레이트은(는) 비뇨생식기관 및 항문용약 제제에서 사용되는 의약 성분이다.
비뇨생식기관 및 항문용약,M245108,미결정셀룰로오스,미결정셀룰로오스은(는) 비뇨생식기관 및 항문용약 제제에서 사용되는 의약 성분이다.
비뇨생식기관 및 항문용약,M254919,타다라필,타다라필은(는) 비뇨생식기관 및 항문용약 제제에서 사용되는 의약 성분이다.
비뇨생식기관 및 항문용약,M259486,라우릴황산나트륨,라우릴황산나트륨은(는) 비뇨생식기관 및 항문용약 제제에서 사용되는 의약 성분이다.
비뇨생식기관 및 항문용약,M269263,크로스카르멜로오스나트륨,크로스카르멜로오스나트륨은(는) 비뇨생식기관 및 항문용약 제제에서 사용되는 의약 성분이다.
난포호르몬제 및 황체호르몬제,M060502,적색3호,적색3호은(는) 난포호르몬제 및 황체호르몬제 제제에서 사용되는 의약 성분이다.
난포호르몬제 및 황체호르몬제,M207642,백당,백당은(는) 난포호르몬제 및 황체호르몬제 제제에서 사용되는 의약 성분이다.
난포호르몬제 및 황체호르몬제,M211346,폴리에틸렌글리콜400,폴리에틸렌글리콜400은(는) 난포호르몬제 및 황체호르몬제 제제에서 사용되는 의약 성분이다.
난포호르몬제 및 황체호르몬제,M223367,유당수화물,유당수화물은(는) 난포호르몬제 및 황체호르몬제 제제에서 사용되는 의약 성분이다.
난포호르몬제 및 황체호르몬제,M278575,탭쉴드빨간색(59R356),탭쉴드빨간색(59R356)은(는) 난포호르몬제 및 황체호르몬제 제제에서 사용되는 의약 성분이다.
일반검사용 시약,M040510,인디고카르민,인디고카르민은(는) 일반검사용 시약 제제에서 사용되는 의약 성분이다.
일반검사용 시약,M040739,플루오레세인나트륨,플루오레세인나트륨은(는) 일반검사용 시약 제제에서 사용되는 의약 성분이다.
일반검사용 시약,M070004,수산화나트륨,수산화나트륨은(는) 일반검사용 시약 제제에서 사용되는 의약 성분이다.
일반검사용 시약,M202015,플루오레세인,플루오레세인은(는) 일반검사용 시약 제제에서 사용되는 의약 성분이다.
일반검사용 시약,M236261,염산,염산은(는) 일반검사용 시약 제제에서 사용되는 의약 성분이다.
조직세포의 치료 및 진단 목적,M040534,주사용수,주사용수은(는) 조직세포의 치료 및 진단 목적 제제에서 사용되는 의약 성분이다.
조직세포의 치료 및 진단 목적,M218567,L-메티오닌,L-메티오닌은(는) 조직세포의 치료 및 진단 목적 제제에서 사용되는 의약 성분이다.
조직세포의 치료 및 진단 목적,M243496,D-만니톨,D-만니톨은(는) 조직세포의 치료 및 진단 목적 제제에서 사용되는 의약 성분이다.
조직세포의 치료 및 진단 목적,M246176,시트르산나트륨이수화물,시트르산나트륨이수화물은(는) 조직세포의 치료 및 진단 목적 제제에서 사용되는 의약 성분이다.
조직세포의 치료 및 진단 목적,M285048,보소리타이드,보소리타이드은(는) 조직세포의 치료 및 진단 목적 제제에서 사용되는 의약 성분이다.
자격요법제(비특이성면역억제제를 포함),M020310,포비돈케이30,포비돈케이30은(는) 자격요법제(비특이성면역억제제를 포함) 제제에서 사용되는 의약 성분이다.
자격요법제(비특이성면역억제제를 포함),M040209,백당,백당은(는) 자격요법제(비특이성면역억제제를 포함) 제제에서 사용되는 의약 성분이다.
자격요법제(비특이성면역억제제를 포함),M040510,인디고카르민,인디고카르민은(는) 자격요법제(비특이성면역억제제를 포함) 제제에서 사용되는 의약 성분이다.
자격요법제(비특이성면역억제제를 포함),M085040,에탄올94W/W%,에탄올94W/W%은(는) 자격요법제(비특이성면역억제제를 포함) 제제에서 사용되는 의약 성분이다.
자격요법제(비특이성면역억제제를 포함),M086420,무수인산수소나트륨,무수인산수소나트륨은(는) 자격요법제(비특이성면역억제제를 포함) 제제에서 사용되는 의약 성분이다.
자격요법제(비특이성면역억제제를 포함),M101634,히드록시프로필셀룰로오스,히드록시프로필셀룰로오스은(는) 자격요법제(비특이성면역억제제를 포함) 제제에서 사용되는 의약 성분이다.
자격요법제(비특이성면역억제제를 포함),M208848,오파드라이 흰색(80W68912),오파드라이 흰색(80W68912)은(는) 자격요법제(비특이성면역억제제를 포함) 제제에서 사용되는 의약 성분이다.
자격요법제(비특이성면역억제제를 포함),M243326,스테아르산마그네슘,스테아르산마그네슘은(는) 자격요법제(비특이성면역억제제를 포함) 제제에서 사용되는 의약 성분이다.
자격요법제(비특이성면역억제제를 포함),M255119,의약용 유약 (쉘락 Refined Bleached 34.8%),의약용 유약 (쉘락 Refined Bleached 34.8%)은(는) 자격요법제(비특이성면역억제제를 포함) 제제에서 사용되는 의약 성분이다.
자격요법제(비특이성면역억제제를 포함),M269263,크로스카르멜로오스나트륨,크로스카르멜로오스나트륨은(는) 자격요법제(비특이성면역억제제를 포함) 제제에서 사용되는 의약 성분이다.
자격요법제(비특이성면역억제제를 포함),M279470,오파드라이 II 흰색 85F18422,오파드라이 II 흰색 85F18422은(는) 자격요법제(비특이성면역억제제를 포함) 제제에서 사용되는 의약 성분이다.
건위소화제(내용액제에 한함),M040187,목향,목향은(는) 건위소화제(내용액제에 한함) 제제에서 사용되는 의약 성분이다.
건위소화제(내용액제에 한함),M040793,황백,황백은(는) 건위소화제(내용액제에 한함) 제제에서 사용되는 의약 성분이다.
건위소화제(내용액제에 한함),M050729,산사,산사은(는) 건위소화제(내용액제에 한함) 제제에서 사용되는 의약 성분이다.
건위소화제(내용액제에 한함),M087012,잔탄검,잔탄검은(는) 건위소화제(내용액제에 한함) 제제에서 사용되는 의약 성분이다.
건위소화제(내용액제에 한함),M285318,천연바나나향(31053),천연바나나향(31053)은(는) 건위소화제(내용액제에 한함) 제제에서 사용되는 의약 성분이다.
피부연화제(부식제를 포함),M082033,글리시레틴산,글리시레틴산은(는) 피부연화제(부식제를 포함) 제제에서 사용되는 의약 성분이다.
피부연화제(부식제를 포함),M082390,덱스판테놀,덱스판테놀은(는) 피부연화제(부식제를 포함) 제제에서 사용되는 의약 성분이다.
피부연화제(부식제를 포함),M084628,박리지,박리지은(는) 피부연화제(부식제를 포함) 제제에서 사용되는 의약 성분이다.
피부연화제(부식제를 포함),M217561,글리세릴스테아레이트/피이지-100스테아레이트,글리세릴스테아레이트/피이지-100스테아레이트은(는) 피부연화제(부식제를 포함) 제제에서 사용되는 의약 성분이다.
피부연화제(부식제를 포함),M279740,조합향료(허브민트향21),조합향료(허브민트향21)은(는) 피부연화제(부식제를 포함) 제제에서 사용되는 의약 성분이다.
피부연화제(부식제를 포함),M285719,조합향료(라튤립향 HP-BA59039),조합향료(라튤립향 HP-BA59039)은(는) 피부연화제(부식제를 포함) 제제에서 사용되는 의약 성분이다.
생물학적 제제,M040426,염화나트륨,염화나트륨은(는) 생물학적 제제 제제에서 사용되는 의약 성분이다.
생물학적 제제,M040438,염화칼륨,염화칼륨은(는) 생물학적 제제 제제에서 사용되는 의약 성분이다.
생물학적 제제,M040534,주사용수,주사용수은(는) 생물학적 제제 제제에서 사용되는 의약 성분이다.
생물학적 제제,M282833,"정제불활화인플루엔자바이러스항원B형[B/Austria/1359417/2021 - like strain (B/Michigan/01/2021, wild type)]","정제불활화인플루엔자바이러스항원B형[B/Austria/1359417/2021 - like strain (B/Michigan/01/2021, wild type)]은(는) 생물학적 제제 제제에서 사용되는 의약 성분이다."
생물학적 제제,M285605,"정제불활화인플루엔자바이러스항원A형[A/Croatia/10136RV/2023 (H3N2)-like strain (A/Croatia/10136RV/2023, X-425A)]","정제불활화인플루엔자바이러스항원A형[A/Croatia/10136RV/2023 (H3N2)-like strain (A/Croatia/10136RV/2023, X-425A)]은(는) 생물학적 제제 제제에서 사용되는 의약 성분이다."
생물학적 시험용제제류,M040426,염화나트륨,염화나트륨은(는) 생물학적 시험용제제류 제제에서 사용되는 의약 성분이다.
생물학적 시험용제제류,M040534,주사용수,주사용수은(는) 생물학적 시험용제제류 제제에서 사용되는 의약 성분이다.
생물학적 시험용제제류,M099700,트윈80,트윈80은(는) 생물학적 시험용제제류 제제에서 사용되는 의약 성분이다.
생물학적 시험용제제류,M212706,정제튜베르쿨린(Tuberculin PPD RT 23),정제튜베르쿨린(Tuberculin PPD RT 23)은(는) 생물학적 시험용제제류 제제에서 사용되는 의약 성분이다.
생물학적 시험용제제류,M244128,히드록시키놀린황산칼륨,히드록시키놀린황산칼륨은(는) 생물학적 시험용제제류 제제에서 사용되는 의약 성분이다.
"모발용제(발모, 탈모, 염모, 양모제)",M094580,부틸렌글라이콜,"부틸렌글라이콜은(는) 모발용제(발모, 탈모, 염모, 양모제) 제제에서 사용되는 의약 성분이다."
"모발용제(발모, 탈모, 염모, 양모제)",M095195,아르기닌,"아르기닌은(는) 모발용제(발모, 탈모, 염모, 양모제) 제제에서 사용되는 의약 성분이다."
"모발용제(발모, 탈모, 염모, 양모제)",M212345,폴리옥시에틸렌올레일에텔,"폴리옥시에틸렌올레일에텔은(는) 모발용제(발모, 탈모, 염모, 양모제) 제제에서 사용되는 의약 성분이다."
"모발용제(발모, 탈모, 염모, 양모제)",M244753,오파드라이분홍85G44100,"오파드라이분홍85G44100은(는) 모발용제(발모, 탈모, 염모, 양모제) 제제에서 사용되는 의약 성분이다."
"모발용제(발모, 탈모, 염모, 양모제)",M253812,오파드라이분홍(20B64648),"오파드라이분홍(20B64648)은(는) 모발용제(발모, 탈모, 염모, 양모제) 제제에서 사용되는 의약 성분이다."
"모발용제(발모, 탈모, 염모, 양모제)",M256332,폴리옥시에틸렌올레일에테르,"폴리옥시에틸렌올레일에테르은(는) 모발용제(발모, 탈모, 염모, 양모제) 제제에서 사용되는 의약 성분이다."
후란계 제제,M040067,니트로푸란토인,니트로푸란토인은(는) 후란계 제제 제제에서 사용되는 의약 성분이다.
후란계 제제,M040450,옥수수전분,옥수수전분은(는) 후란계 제제 제제에서 사용되는 의약 성분이다.
후란계 제제,M089598,캡슐,캡슐은(는) 후란계 제제 제제에서 사용되는 의약 성분이다.
후란계 제제,M223367,유당수화물,유당수화물은(는) 후란계 제제 제제에서 사용되는 의약 성분이다.
후란계 제제,M249191,탤크,탤크은(는) 후란계 제제 제제에서 사용되는 의약 성분이다.
방사성 의약품,M084259,아세트산,아세트산은(는) 방사성 의약품 제제에서 사용되는 의약 성분이다.
방사성 의약품,M088484,염화탈륨(201Tl)액,염화탈륨(201Tl)액은(는) 방사성 의약품 제제에서 사용되는 의약 성분이다.
방사성 의약품,M213743,티오황산나트륨 오수화물,티오황산나트륨 오수화물은(는) 방사성 의약품 제제에서 사용되는 의약 성분이다.
방사성 의약품,M251877,L-시스테인염산염수화물,L-시스테인염산염수화물은(는) 방사성 의약품 제제에서 사용되는 의약 성분이다.
방사성 의약품,M258738,라듐-223 염화물 용액,라듐-223 염화물 용액은(는) 방사성 의약품 제제에서 사용되는 의약 성분이다.
기타의 비타민제,M040003,간유,간유은(는) 기타의 비타민제 제제에서 사용되는 의약 성분이다.
기타의 비타민제,M040523,작약,작약은(는) 기타의 비타민제 제제에서 사용되는 의약 성분이다.
기타의 비타민제,M040538,진피,진피은(는) 기타의 비타민제 제제에서 사용되는 의약 성분이다.
기타의 비타민제,M050436,메코발라민,메코발라민은(는) 기타의 비타민제 제제에서 사용되는 의약 성분이다.
기타의 비타민제,M051260,이산화규소,이산화규소은(는) 기타의 비타민제 제제에서 사용되는 의약 성분이다.
기타의 비타민제,M081931,시클로덱스트린액,시클로덱스트린액은(는) 기타의 비타민제 제제에서 사용되는 의약 성분이다.
기타의 비타민제,M087259,피토나디온5%건조분말,피토나디온5%건조분말은(는) 기타의 비타민제 제제에서 사용되는 의약 성분이다.
기타의 비타민제,M099736,디-만니톨,디-만니톨은(는) 기타의 비타민제 제제에서 사용되는 의약 성분이다.
기타의 비타민제,M101469,바니라미크론,바니라미크론은(는) 기타의 비타민제 제제에서 사용되는 의약 성분이다.
기타의 비타민제,M110447,에르고칼시페롤 과립,에르고칼시페롤 과립은(는) 기타의 비타민제 제제에서 사용되는 의약 성분이다.
기타의 비타민제,M113513,아스코르브산 과립97%,아스코르브산 과립97%은(는) 기타의 비타민제 제제에서 사용되는 의약 성분이다.
기타의 비타민제,M202385,글리세릴디베헤네이트,글리세릴디베헤네이트은(는) 기타의 비타민제 제제에서 사용되는 의약 성분이다.
기타의 비타민제,M203450,아스코르브산,아스코르브산은(는) 기타의 비타민제 제제에서 사용되는 의약 성분이다.
기타의 비타민제,M209234,마늘엑스(100→1),마늘엑스(100→1)은(는) 기타의 비타민제 제제에서 사용되는 의약 성분이다.
기타의 비타민제,M242715,황색5호알루미늄레이크,황색5호알루미늄레이크은(는) 기타의 비타민제 제제에서 사용되는 의약 성분이다.
기타의 비타민제,M244301,폴리에틸렌글리콜 400,폴리에틸렌글리콜 400은(는) 기타의 비타민제 제제에서 사용되는 의약 성분이다.
기타의 비타민제,M244724,콜로이드성이산화규소,콜로이드성이산화규소은(는) 기타의 비타민제 제제에서 사용되는 의약 성분이다.
기타의 비타민제,M246845,탤크,탤크은(는) 기타의 비타민제 제제에서 사용되는 의약 성분이다.
기타의 비타민제,M250842,베타카로틴현탁액30%,베타카로틴현탁액30%은(는) 기타의 비타민제 제제에서 사용되는 의약 성분이다.
기타의 비타민제,M257318,오파드라이AMB노란색 80W92755,오파드라이AMB노란색 80W92755은(는) 기타의 비타민제 제제에서 사용되는 의약 성분이다.
기타의 비타민제,M257734,아스코르브산 과립90%,아스코르브산 과립90%은(는) 기타의 비타민제 제제에서 사용되는 의약 성분이다.
기타의 비타민제,M262818,시아노코발라빈 1000배산,시아노코발라빈 1000배산은(는) 기타의 비타민제 제제에서 사용되는 의약 성분이다.
기타의 비타민제,M268046,탭쉴드노란색(21Y024),탭쉴드노란색(21Y024)은(는) 기타의 비타민제 제제에서 사용되는 의약 성분이다.
기타의 비타민제,M285717,탭쉴드갈색(11B1709),탭쉴드갈색(11B1709)은(는) 기타의 비타민제 제제에서 사용되는 의약 성분이다.
기타의 외피용약,M040170,메트로니다졸,메트로니다졸은(는) 기타의 외피용약 제제에서 사용되는 의약 성분이다.
기타의 외피용약,M040498,이소프로판올,이소프로판올은(는) 기타의 외피용약 제제에서 사용되는 의약 성분이다.
기타의 외피용약,M040511,인산,인산은(는) 기타의 외피용약 제제에서 사용되는 의약 성분이다.
기타의 외피용약,M040582,칼라민,칼라민은(는) 기타의 외피용약 제제에서 사용되는 의약 성분이다.
기타의 외피용약,M040620,염산클로르헥시딘,염산클로르헥시딘은(는) 기타의 외피용약 제제에서 사용되는 의약 성분이다.
기타의 외피용약,M060319,프로필렌글리콜모노스테아레이트,프로필렌글리콜모노스테아레이트은(는) 기타의 외피용약 제제에서 사용되는 의약 성분이다.
기타의 외피용약,M093255,조파라옥시안식향산프로필,조파라옥시안식향산프로필은(는) 기타의 외피용약 제제에서 사용되는 의약 성분이다.
기타의 외피용약,M201747,카프릴릭ㆍ카프릭트리글리세라이드,카프릴릭ㆍ카프릭트리글리세라이드은(는) 기타의 외피용약 제제에서 사용되는 의약 성분이다.
기타의 외피용약,M202893,네오마이신황산염,네오마이신황산염은(는) 기타의 외피용약 제제에서 사용되는 의약 성분이다.
기타의 외피용약,M203363,쉐어버터,쉐어버터은(는) 기타의 외피용약 제제에서 사용되는 의약 성분이다.
기타의 외피용약,M223035,무피로신칼슘수화물,무피로신칼슘수화물은(는) 기타의 외피용약 제제에서 사용되는 의약 성분이다.
기타의 외피용약,M228962,디에틸렌글리콜모노에틸에테르,디에틸렌글리콜모노에틸에테르은(는) 기타의 외피용약 제제에서 사용되는 의약 성분이다.
기타의 외피용약,M274224,조합향료(30-A59069),조합향료(30-A59069)은(는) 기타의 외피용약 제제에서 사용되는 의약 성분이다.
기타의 조제용약,M040536,지실,지실은(는) 기타의 조제용약 제제에서 사용되는 의약 성분이다.
기타의 조제용약,M050107,금은화,금은화은(는) 기타의 조제용약 제제에서 사용되는 의약 성분이다.
기타의 조제용약,M051313,저령,저령은(는) 기타의 조제용약 제제에서 사용되는 의약 성분이다.
기타의 조제용약,M051318,전호,전호은(는) 기타의 조제용약 제제에서 사용되는 의약 성분이다.
기타의 조제용약,M070153,대황엑스,대황엑스은(는) 기타의 조제용약 제제에서 사용되는 의약 성분이다.
기타의 진단용약,M040209,백당,백당은(는) 기타의 진단용약 제제에서 사용되는 의약 성분이다.
기타의 진단용약,M082721,레몬라임향,레몬라임향은(는) 기타의 진단용약 제제에서 사용되는 의약 성분이다.
기타의 진단용약,M113172,유당일수화물,유당일수화물은(는) 기타의 진단용약 제제에서 사용되는 의약 성분이다.
기타의 진단용약,M205923,퍼플루트렌,퍼플루트렌은(는) 기타의 진단용약 제제에서 사용되는 의약 성분이다.
기타의 진단용약,M249065,소마토렐린아세트산염,소마토렐린아세트산염은(는) 기타의 진단용약 제제에서 사용되는 의약 성분이다.
기타의 순환계용약,M040085,덱스트린,덱스트린은(는) 기타의 순환계용약 제제에서 사용되는 의약 성분이다.
기타의 순환계용약,M040293,세신,세신은(는) 기타의 순환계용약 제제에서 사용되는 의약 성분이다.
기타의 순환계용약,M040321,스테아린산마그네슘,스테아린산마그네슘은(는) 기타의 순환계용약 제제에서 사용되는 의약 성분이다.
기타의 순환계용약,M040648,초산토코페롤,초산토코페롤은(는) 기타의 순환계용약 제제에서 사용되는 의약 성분이다.
기타의 순환계용약,M040826,히드록시프로필셀룰로오스,히드록시프로필셀룰로오스은(는) 기타의 순환계용약 제제에서 사용되는 의약 성분이다.
기타의 순환계용약,M080233,에칠바닐린,에칠바닐린은(는) 기타의 순환계용약 제제에서 사용되는 의약 성분이다.
기타의 순환계용약,M080615,분말셀룰로오스,분말셀룰로오스은(는) 기타의 순환계용약 제제에서 사용되는 의약 성분이다.
기타의 순환계용약,M081330,미스트레토우엑스,미스트레토우엑스은(는) 기타의 순환계용약 제제에서 사용되는 의약 성분이다.
기타의 순환계용약,M083542,부틸히드록시톨루엔,부틸히드록시톨루엔은(는) 기타의 순환계용약 제제에서 사용되는 의약 성분이다.
기타의 순환계용약,M085754,트리플루살,트리플루살은(는) 기타의 순환계용약 제제에서 사용되는 의약 성분이다.
기타의 순환계용약,M099032,방풍통성산건조엑스(4ㆍ6->1),방풍통성산건조엑스(4ㆍ6->1)은(는) 기타의 순환계용약 제제에서 사용되는 의약 성분이다.
기타의 순환계용약,M102224,주사용증류수,주사용증류수은(는) 기타의 순환계용약 제제에서 사용되는 의약 성분이다.
기타의 순환계용약,M113090,방풍통성산 건조엑스(4.64→1),방풍통성산 건조엑스(4.64→1)은(는) 기타의 순환계용약 제제에서 사용되는 의약 성분이다.
기타의 순환계용약,M113352,S-암로디핀베실산염이수화물,S-암로디핀베실산염이수화물은(는) 기타의 순환계용약 제제에서 사용되는 의약 성분이다.
기타의 순환계용약,M208629,저치환도히드록시프로필셀룰로오스,저치환도히드록시프로필셀룰로오스은(는) 기타의 순환계용약 제제에서 사용되는 의약 성분이다.
기타의 순환계용약,M213223,카르바우바납,카르바우바납은(는) 기타의 순환계용약 제제에서 사용되는 의약 성분이다.
기타의 순환계용약,M213772,"부칠, 2-디메칠아미노에칠,메칠 메타크릴산공중합체(1:2:1)","부칠, 2-디메칠아미노에칠,메칠 메타크릴산공중합체(1:2:1)은(는) 기타의 순환계용약 제제에서 사용되는 의약 성분이다."
기타의 순환계용약,M215557,콜로이드성이산화규소(Aerosil200),콜로이드성이산화규소(Aerosil200)은(는) 기타의 순환계용약 제제에서 사용되는 의약 성분이다.
기타의 순환계용약,M217127,방풍통성산건조엑스(4.6→1),방풍통성산건조엑스(4.6→1)은(는) 기타의 순환계용약 제제에서 사용되는 의약 성분이다.
기타의 순환계용약,M243649,황색203호,황색203호은(는) 기타의 순환계용약 제제에서 사용되는 의약 성분이다.
기타의 순환계용약,M247906,미결정셀룰로오스ㆍ카르복시메틸셀룰로오스나트륨,미결정셀룰로오스ㆍ카르복시메틸셀룰로오스나트륨은(는) 기타의 순환계용약 제제에서 사용되는 의약 성분이다.
기타의 순환계용약,M254320,오파드라이블루03B60891,오파드라이블루03B60891은(는) 기타의 순환계용약 제제에서 사용되는 의약 성분이다.
기타의 순환계용약,M258994,아스코르브산,아스코르브산은(는) 기타의 순환계용약 제제에서 사용되는 의약 성분이다.
기타의 순환계용약,M261867,복숭아향 B12731,복숭아향 B12731은(는) 기타의 순환계용약 제제에서 사용되는 의약 성분이다.
기타의 순환계용약,M262302,오파드라이분홍색(03B54445),오파드라이분홍색(03B54445)은(는) 기타의 순환계용약 제제에서 사용되는 의약 성분이다.
기타의 순환계용약,M267804,오파드라이주황색(03B53576),오파드라이주황색(03B53576)은(는) 기타의 순환계용약 제제에서 사용되는 의약 성분이다.
기타의 순환계용약,M269029,오파드라이 KB 노란색 310A120019,오파드라이 KB 노란색 310A120019은(는) 기타의 순환계용약 제제에서 사용되는 의약 성분이다.
기타의 순환계용약,M269209,인삼40%에탄올건조엑스,인삼40%에탄올건조엑스은(는) 기타의 순환계용약 제제에서 사용되는 의약 성분이다.
기타의 순환계용약,M278124,오파드라이03B610036그린,오파드라이03B610036그린은(는) 기타의 순환계용약 제제에서 사용되는 의약 성분이다.
기타의 순환계용약,M279248,푸마르산스테아릴나트륨,푸마르산스테아릴나트륨은(는) 기타의 순환계용약 제제에서 사용되는 의약 성분이다.
기타의 순환계용약,M279603,오파드라이분홍색(03B640002),오파드라이분홍색(03B640002)은(는) 기타의 순환계용약 제제에서 사용되는 의약 성분이다.
기타의 순환계용약,M280924,폴리비닐알콜혼합기제(21W002),폴리비닐알콜혼합기제(21W002)은(는) 기타의 순환계용약 제제에서 사용되는 의약 성분이다.
기타의 순환계용약,M281969,오파드라이Ⅱ노란색(85F32132),오파드라이Ⅱ노란색(85F32132)은(는) 기타의 순환계용약 제제에서 사용되는 의약 성분이다.
기타의 순환계용약,M282661,구연산제이철수화물,구연산제이철수화물은(는) 기타의 순환계용약 제제에서 사용되는 의약 성분이다.
기타의 종양치료제,M040548,창출,창출은(는) 기타의 종양치료제 제제에서 사용되는 의약 성분이다.
기타의 종양치료제,M089733,인산수소나트륨칠수화물,인산수소나트륨칠수화물은(는) 기타의 종양치료제 제제에서 사용되는 의약 성분이다.
기타의 종양치료제,M089874,싸이모신알파1,싸이모신알파1은(는) 기타의 종양치료제 제제에서 사용되는 의약 성분이다.
기타의 종양치료제,M110977,싸이모신-알파1,싸이모신-알파1은(는) 기타의 종양치료제 제제에서 사용되는 의약 성분이다.
기타의 종양치료제,M222559,파라옥시벤조산프로필,파라옥시벤조산프로필은(는) 기타의 종양치료제 제제에서 사용되는 의약 성분이다.
기타의 종양치료제,M254742,"OOPS(1,2-디올레오일-sn-글리세로-3-포스파티딜-엘-세린 모노나트륨염)","OOPS(1,2-디올레오일-sn-글리세로-3-포스파티딜-엘-세린 모노나트륨염)은(는) 기타의 종양치료제 제제에서 사용되는 의약 성분이다."
기타의 종양치료제,M254743,1회용멸균스파이크필터,1회용멸균스파이크필터은(는) 기타의 종양치료제 제제에서 사용되는 의약 성분이다.
기타의 화학요법제,M040044,농글리세린,농글리세린은(는) 기타의 화학요법제 제제에서 사용되는 의약 성분이다.
기타의 화학요법제,M040141,메글루민,메글루민은(는) 기타의 화학요법제 제제에서 사용되는 의약 성분이다.
기타의 화학요법제,M080726,푸마르산,푸마르산은(는) 기타의 화학요법제 제제에서 사용되는 의약 성분이다.
기타의 화학요법제,M086332,라미부딘,라미부딘은(는) 기타의 화학요법제 제제에서 사용되는 의약 성분이다.
기타의 화학요법제,M089635,폴록사머407,폴록사머407은(는) 기타의 화학요법제 제제에서 사용되는 의약 성분이다.
기타의 화학요법제,M090233,초산나트륨,초산나트륨은(는) 기타의 화학요법제 제제에서 사용되는 의약 성분이다.
기타의 화학요법제,M102226,디아세틸레이티드모노글리세라이드,디아세틸레이티드모노글리세라이드은(는) 기타의 화학요법제 제제에서 사용되는 의약 성분이다.
기타의 화학요법제,M208629,저치환도히드록시프로필셀룰로오스,저치환도히드록시프로필셀룰로오스은(는) 기타의 화학요법제 제제에서 사용되는 의약 성분이다.
기타의 화학요법제,M214655,폴리소르베이트 80,폴리소르베이트 80은(는) 기타의 화학요법제 제제에서 사용되는 의약 성분이다.
기타의 화학요법제,M214743,폴리에칠렌글리콜6000,폴리에칠렌글리콜6000은(는) 기타의 화학요법제 제제에서 사용되는 의약 성분이다.
기타의 화학요법제,M216095,규산알루민산마그네슘,규산알루민산마그네슘은(는) 기타의 화학요법제 제제에서 사용되는 의약 성분이다.
기타의 화학요법제,M222565,시트르산나트륨수화물,시트르산나트륨수화물은(는) 기타의 화학요법제 제제에서 사용되는 의약 성분이다.
기타의 화학요법제,M223364,스테아르산마그네슘,스테아르산마그네슘은(는) 기타의 화학요법제 제제에서 사용되는 의약 성분이다.
기타의 화학요법제,M233025,폴리에틸렌글리콜600,폴리에틸렌글리콜600은(는) 기타의 화학요법제 제제에서 사용되는 의약 성분이다.
기타의 화학요법제,M240300,황색4호,황색4호은(는) 기타의 화학요법제 제제에서 사용되는 의약 성분이다.
기타의 화학요법제,M244572,프로필렌글리콜모노카프릴레이트,프로필렌글리콜모노카프릴레이트은(는) 기타의 화학요법제 제제에서 사용되는 의약 성분이다.
기타의 화학요법제,M257741,오파드라이흰색(OY-LS-28914),오파드라이흰색(OY-LS-28914)은(는) 기타의 화학요법제 제제에서 사용되는 의약 성분이다.
기타의 화학요법제,M262753,오파드라이II노란색(85F92259),오파드라이II노란색(85F92259)은(는) 기타의 화학요법제 제제에서 사용되는 의약 성분이다.
기타의 화학요법제,M266621,테노포비르디소프록실헤미에디실산염,테노포비르디소프록실헤미에디실산염은(는) 기타의 화학요법제 제제에서 사용되는 의약 성분이다.
기타의 화학요법제,M279338,베이직부틸레이티드메타크릴레이트코폴리머,베이직부틸레이티드메타크릴레이트코폴리머은(는) 기타의 화학요법제 제제에서 사용되는 의약 성분이다.
기타의 화학요법제,M279872,딸기향SC-160219,딸기향SC-160219은(는) 기타의 화학요법제 제제에서 사용되는 의약 성분이다.
방역용 살균소독제,M060038,디클로로디플루오로메탄,디클로로디플루오로메탄은(는) 방역용 살균소독제 제제에서 사용되는 의약 성분이다.
방역용 살균소독제,M070002,개미산,개미산은(는) 방역용 살균소독제 제제에서 사용되는 의약 성분이다.
방역용 살균소독제,M088500,폴리옥시에칠렌세틸에텔,폴리옥시에칠렌세틸에텔은(는) 방역용 살균소독제 제제에서 사용되는 의약 성분이다.
방역용 살균소독제,M248851,제3인산나트륨,제3인산나트륨은(는) 방역용 살균소독제 제제에서 사용되는 의약 성분이다.
방역용 살균소독제,M258141,과아세트산액0.13%,과아세트산액0.13%은(는) 방역용 살균소독제 제제에서 사용되는 의약 성분이다.
기생성 피부질환용제,M040426,염화나트륨,염화나트륨은(는) 기생성 피부질환용제 제제에서 사용되는 의약 성분이다.
기생성 피부질환용제,M040664,트리에탄올아민,트리에탄올아민은(는) 기생성 피부질환용제 제제에서 사용되는 의약 성분이다.
기생성 피부질환용제,M050480,적색2호,적색2호은(는) 기생성 피부질환용제 제제에서 사용되는 의약 성분이다.
기생성 피부질환용제,M082318,소르비탄스테아레이트,소르비탄스테아레이트은(는) 기생성 피부질환용제 제제에서 사용되는 의약 성분이다.
기생성 피부질환용제,M083947,콜로이드성이산화규소,콜로이드성이산화규소은(는) 기생성 피부질환용제 제제에서 사용되는 의약 성분이다.
기생성 피부질환용제,M103062,에틸아세테이트,에틸아세테이트은(는) 기생성 피부질환용제 제제에서 사용되는 의약 성분이다.
기생성 피부질환용제,M112555,히드록시프로필키토산 액,히드록시프로필키토산 액은(는) 기생성 피부질환용제 제제에서 사용되는 의약 성분이다.
기생성 피부질환용제,M116919,폴리에틸렌글리콜올레일에테르,폴리에틸렌글리콜올레일에테르은(는) 기생성 피부질환용제 제제에서 사용되는 의약 성분이다.
기생성 피부질환용제,M223048,벤잘코늄염화물,벤잘코늄염화물은(는) 기생성 피부질환용제 제제에서 사용되는 의약 성분이다.
기생성 피부질환용제,M244072,글리세릴스테아레이트SE,글리세릴스테아레이트SE은(는) 기생성 피부질환용제 제제에서 사용되는 의약 성분이다.
기생성 피부질환용제,M245282,키토산 하이드록시 프로필,키토산 하이드록시 프로필은(는) 기생성 피부질환용제 제제에서 사용되는 의약 성분이다.
기생성 피부질환용제,M278948,미리스트산이소프로필,미리스트산이소프로필은(는) 기생성 피부질환용제 제제에서 사용되는 의약 성분이다.
기타의 감각기관용약,M093738,멸균등장해수,멸균등장해수은(는) 기타의 감각기관용약 제제에서 사용되는 의약 성분이다.
기타의 공중위생용약,M040627,건조탄산나트륨,건조탄산나트륨은(는) 기타의 공중위생용약 제제에서 사용되는 의약 성분이다.
기타의 공중위생용약,M060515,청색1호,청색1호은(는) 기타의 공중위생용약 제제에서 사용되는 의약 성분이다.
기타의 공중위생용약,M092246,제독패드,제독패드은(는) 기타의 공중위생용약 제제에서 사용되는 의약 성분이다.
기타의 공중위생용약,M259522,시트르산,시트르산은(는) 기타의 공중위생용약 제제에서 사용되는 의약 성분이다.
기타의 공중위생용약,M278678,아염소산나트륨25%,아염소산나트륨25%은(는) 기타의 공중위생용약 제제에서 사용되는 의약 성분이다.
기타의 말초신경용약,M040004,갈근,갈근은(는) 기타의 말초신경용약 제제에서 사용되는 의약 성분이다.
기타의 말초신경용약,M040531,젤라틴,젤라틴은(는) 기타의 말초신경용약 제제에서 사용되는 의약 성분이다.
기타의 말초신경용약,M082190,황색산화철,황색산화철은(는) 기타의 말초신경용약 제제에서 사용되는 의약 성분이다.
기타의 말초신경용약,M243670,인산일수소나트륨이수화물,인산일수소나트륨이수화물은(는) 기타의 말초신경용약 제제에서 사용되는 의약 성분이다.
기타의 말초신경용약,M285035,부트리시란나트륨,부트리시란나트륨은(는) 기타의 말초신경용약 제제에서 사용되는 의약 성분이다.
기타의 소화기관용약,M040306,수산화마그네슘,수산화마그네슘은(는) 기타의 소화기관용약 제제에서 사용되는 의약 성분이다.
기타의 소화기관용약,M040813,후박,후박은(는) 기타의 소화기관용약 제제에서 사용되는 의약 성분이다.
기타의 소화기관용약,M040826,히드록시프로필셀룰로오스,히드록시프로필셀룰로오스은(는) 기타의 소화기관용약 제제에서 사용되는 의약 성분이다.
기타의 소화기관용약,M051630,트리아세틴,트리아세틴은(는) 기타의 소화기관용약 제제에서 사용되는 의약 성분이다.
기타의 소화기관용약,M081022,잔탄검,잔탄검은(는) 기타의 소화기관용약 제제에서 사용되는 의약 성분이다.
기타의 소화기관용약,M081987,알긴산나트륨,알긴산나트륨은(는) 기타의 소화기관용약 제제에서 사용되는 의약 성분이다.
기타의 소화기관용약,M082880,청색2호알루미늄레이크,청색2호알루미늄레이크은(는) 기타의 소화기관용약 제제에서 사용되는 의약 성분이다.
기타의 소화기관용약,M084832,길경엑스산,길경엑스산은(는) 기타의 소화기관용약 제제에서 사용되는 의약 성분이다.
기타의 소화기관용약,M117858,시호 연조엑스(3.6~4.4→1),시호 연조엑스(3.6~4.4→1)은(는) 기타의 소화기관용약 제제에서 사용되는 의약 성분이다.
기타의 소화기관용약,M118042,황기 연조엑스(3.2~4.0→1),황기 연조엑스(3.2~4.0→1)은(는) 기타의 소화기관용약 제제에서 사용되는 의약 성분이다.
기타의 소화기관용약,M203772,정제쉘락,정제쉘락은(는) 기타의 소화기관용약 제제에서 사용되는 의약 성분이다.
기타의 소화기관용약,M218411,폴리에칠렌글리콜 4000,폴리에칠렌글리콜 4000은(는) 기타의 소화기관용약 제제에서 사용되는 의약 성분이다.
기타의 소화기관용약,M220740,"상: 주홍색, 하: 미황색 경질캡슐","상: 주홍색, 하: 미황색 경질캡슐은(는) 기타의 소화기관용약 제제에서 사용되는 의약 성분이다."
기타의 소화기관용약,M230880,카르나우바 납,카르나우바 납은(는) 기타의 소화기관용약 제제에서 사용되는 의약 성분이다.
기타의 소화기관용약,M235893,오파드라이 02M49010,오파드라이 02M49010은(는) 기타의 소화기관용약 제제에서 사용되는 의약 성분이다.
기타의 소화기관용약,M242732,분말셀룰로오스,분말셀룰로오스은(는) 기타의 소화기관용약 제제에서 사용되는 의약 성분이다.
기타의 소화기관용약,M243429,카르복시메틸셀룰로오스칼슘,카르복시메틸셀룰로오스칼슘은(는) 기타의 소화기관용약 제제에서 사용되는 의약 성분이다.
기타의 소화기관용약,M244528,미결정셀룰로오스,미결정셀룰로오스은(는) 기타의 소화기관용약 제제에서 사용되는 의약 성분이다.
기타의 소화기관용약,M246071,폴리에틸렌옥시드,폴리에틸렌옥시드은(는) 기타의 소화기관용약 제제에서 사용되는 의약 성분이다.
기타의 소화기관용약,M262712,"진피건조엑스(4.5~5.6→1)
","진피건조엑스(4.5~5.6→1)
은(는) 기타의 소화기관용약 제제에서 사용되는 의약 성분이다."
기타의 소화기관용약,M264947,딸기향SH09-0946,딸기향SH09-0946은(는) 기타의 소화기관용약 제제에서 사용되는 의약 성분이다.
기타의 소화기관용약,M268746,청피연조엑스(2.6~3.2→1),청피연조엑스(2.6~3.2→1)은(는) 기타의 소화기관용약 제제에서 사용되는 의약 성분이다.
기타의 소화기관용약,M270691,페퍼민트미크론B5010,페퍼민트미크론B5010은(는) 기타의 소화기관용약 제제에서 사용되는 의약 성분이다.
기타의 소화기관용약,M278059,탭쉴드흰색(11W287),탭쉴드흰색(11W287)은(는) 기타의 소화기관용약 제제에서 사용되는 의약 성분이다.
기타의 알레르기용약,M040044,농글리세린,농글리세린은(는) 기타의 알레르기용약 제제에서 사용되는 의약 성분이다.
기타의 알레르기용약,M050400,만니톨,만니톨은(는) 기타의 알레르기용약 제제에서 사용되는 의약 성분이다.
기타의 알레르기용약,M060073,미결정셀룰로오스,미결정셀룰로오스은(는) 기타의 알레르기용약 제제에서 사용되는 의약 성분이다.
기타의 알레르기용약,M095737,마크로골15히드록시스테아레이트,마크로골15히드록시스테아레이트은(는) 기타의 알레르기용약 제제에서 사용되는 의약 성분이다.
기타의 알레르기용약,M207098,D-만니톨,D-만니톨은(는) 기타의 알레르기용약 제제에서 사용되는 의약 성분이다.
기타의 알레르기용약,M223087,시트르산나트륨수화물,시트르산나트륨수화물은(는) 기타의 알레르기용약 제제에서 사용되는 의약 성분이다.
기타의 알레르기용약,M239402,라우릴황산나트륨,라우릴황산나트륨은(는) 기타의 알레르기용약 제제에서 사용되는 의약 성분이다.
기타의 알레르기용약,M243399,스테아르산마그네슘,스테아르산마그네슘은(는) 기타의 알레르기용약 제제에서 사용되는 의약 성분이다.
기타의 알레르기용약,M252159,라우로일마크로골글리세리드,라우로일마크로골글리세리드은(는) 기타의 알레르기용약 제제에서 사용되는 의약 성분이다.
기타의 인공관류용제,M040426,염화나트륨,염화나트륨은(는) 기타의 인공관류용제 제제에서 사용되는 의약 성분이다.
기타의 인공관류용제,M040438,염화칼륨,염화칼륨은(는) 기타의 인공관류용제 제제에서 사용되는 의약 성분이다.
기타의 인공관류용제,M207094,탄산수소나트륨,탄산수소나트륨은(는) 기타의 인공관류용제 제제에서 사용되는 의약 성분이다.
기타의 인공관류용제,M222565,시트르산나트륨수화물,시트르산나트륨수화물은(는) 기타의 인공관류용제 제제에서 사용되는 의약 성분이다.
기타의 인공관류용제,M265973,(S)-젖산,(S)-젖산은(는) 기타의 인공관류용제 제제에서 사용되는 의약 성분이다.
기타의 중추신경용약,M040305,수산화나트륨,수산화나트륨은(는) 기타의 중추신경용약 제제에서 사용되는 의약 성분이다.
기타의 중추신경용약,M040329,승마,승마은(는) 기타의 중추신경용약 제제에서 사용되는 의약 성분이다.
기타의 중추신경용약,M050400,만니톨,만니톨은(는) 기타의 중추신경용약 제제에서 사용되는 의약 성분이다.
기타의 중추신경용약,M050448,메타규산알루민산마그네슘,메타규산알루민산마그네슘은(는) 기타의 중추신경용약 제제에서 사용되는 의약 성분이다.
기타의 중추신경용약,M060073,미결정셀룰로오스,미결정셀룰로오스은(는) 기타의 중추신경용약 제제에서 사용되는 의약 성분이다.
기타의 중추신경용약,M080726,푸마르산,푸마르산은(는) 기타의 중추신경용약 제제에서 사용되는 의약 성분이다.
기타의 중추신경용약,M081837,아스파탐,아스파탐은(는) 기타의 중추신경용약 제제에서 사용되는 의약 성분이다.
기타의 중추신경용약,M082880,청색2호알루미늄레이크,청색2호알루미늄레이크은(는) 기타의 중추신경용약 제제에서 사용되는 의약 성분이다.
기타의 중추신경용약,M084259,아세트산,아세트산은(는) 기타의 중추신경용약 제제에서 사용되는 의약 성분이다.
기타의 중추신경용약,M095818,레시틴,레시틴은(는) 기타의 중추신경용약 제제에서 사용되는 의약 성분이다.
기타의 중추신경용약,M201791,콜로이드성무수실리카,콜로이드성무수실리카은(는) 기타의 중추신경용약 제제에서 사용되는 의약 성분이다.
기타의 중추신경용약,M202385,글리세릴디베헤네이트,글리세릴디베헤네이트은(는) 기타의 중추신경용약 제제에서 사용되는 의약 성분이다.
기타의 중추신경용약,M210420,식약청인정 타르색소,식약청인정 타르색소은(는) 기타의 중추신경용약 제제에서 사용되는 의약 성분이다.
기타의 중추신경용약,M214658,오파드라이 흰색(85F18422),오파드라이 흰색(85F18422)은(는) 기타의 중추신경용약 제제에서 사용되는 의약 성분이다.
기타의 중추신경용약,M215293,황색 203호,황색 203호은(는) 기타의 중추신경용약 제제에서 사용되는 의약 성분이다.
기타의 중추신경용약,M215556,포비돈 K30,포비돈 K30은(는) 기타의 중추신경용약 제제에서 사용되는 의약 성분이다.
기타의 중추신경용약,M243315,카르복시메틸셀룰로오스칼슘,카르복시메틸셀룰로오스칼슘은(는) 기타의 중추신경용약 제제에서 사용되는 의약 성분이다.
기타의 중추신경용약,M244724,콜로이드성이산화규소,콜로이드성이산화규소은(는) 기타의 중추신경용약 제제에서 사용되는 의약 성분이다.
기타의 중추신경용약,M251236,스테아르산마스네슘,스테아르산마스네슘은(는) 기타의 중추신경용약 제제에서 사용되는 의약 성분이다.
기타의 중추신경용약,M252246,오파드라이 II 흰색(85G68914),오파드라이 II 흰색(85G68914)은(는) 기타의 중추신경용약 제제에서 사용되는 의약 성분이다.
기타의 중추신경용약,M253768,오파드라이 노랑 (03B32555),오파드라이 노랑 (03B32555)은(는) 기타의 중추신경용약 제제에서 사용되는 의약 성분이다.
기타의 중추신경용약,M254960,시프로헵타딘오로트산염수화물,시프로헵타딘오로트산염수화물은(는) 기타의 중추신경용약 제제에서 사용되는 의약 성분이다.
기타의 중추신경용약,M255492,마크로골 폴리(비닐알코올) 그라프트 공중합체,마크로골 폴리(비닐알코올) 그라프트 공중합체은(는) 기타의 중추신경용약 제제에서 사용되는 의약 성분이다.
기타의 중추신경용약,M267741,아크릴레이트·비닐아세테이트공중합체,아크릴레이트·비닐아세테이트공중합체은(는) 기타의 중추신경용약 제제에서 사용되는 의약 성분이다.
기타의 중추신경용약,M269127,소르비톨액,소르비톨액은(는) 기타의 중추신경용약 제제에서 사용되는 의약 성분이다.
기타의 중추신경용약,M270248,갈카네주맙,갈카네주맙은(는) 기타의 중추신경용약 제제에서 사용되는 의약 성분이다.
기타의 중추신경용약,M273014,생강 연조엑스(5.1~6.9→1),생강 연조엑스(5.1~6.9→1)은(는) 기타의 중추신경용약 제제에서 사용되는 의약 성분이다.
기타의 중추신경용약,M283606,탭쉴드노란색(29Y943),탭쉴드노란색(29Y943)은(는) 기타의 중추신경용약 제제에서 사용되는 의약 성분이다.
기타의 호흡기관용약,M040445,오미자,오미자은(는) 기타의 호흡기관용약 제제에서 사용되는 의약 성분이다.
기타의 호흡기관용약,M050037,계지,계지은(는) 기타의 호흡기관용약 제제에서 사용되는 의약 성분이다.
기타의 호흡기관용약,M083947,콜로이드성이산화규소,콜로이드성이산화규소은(는) 기타의 호흡기관용약 제제에서 사용되는 의약 성분이다.
기타의 호흡기관용약,M101350,구연산,구연산은(는) 기타의 호흡기관용약 제제에서 사용되는 의약 성분이다.
기타의 호흡기관용약,M204434,L-멘톨,L-멘톨은(는) 기타의 호흡기관용약 제제에서 사용되는 의약 성분이다.
기타의 호흡기관용약,M218336,체리후레바(엣센스),체리후레바(엣센스)은(는) 기타의 호흡기관용약 제제에서 사용되는 의약 성분이다.
기타의 호흡기관용약,M243960,D-소르비톨액,D-소르비톨액은(는) 기타의 호흡기관용약 제제에서 사용되는 의약 성분이다.
기타의 호흡기관용약,M252270,아이비엽30%에탄올건조엑스(5~7.5->1),아이비엽30%에탄올건조엑스(5~7.5->1)은(는) 기타의 호흡기관용약 제제에서 사용되는 의약 성분이다.
기타의 호흡기관용약,M252988,메타아크릴산디메틸아미노에틸·메타아크릴산메틸공중합체,메타아크릴산디메틸아미노에틸·메타아크릴산메틸공중합체은(는) 기타의 호흡기관용약 제제에서 사용되는 의약 성분이다.
기타의 호흡기관용약,M253395,딸기향6228-C,딸기향6228-C은(는) 기타의 호흡기관용약 제제에서 사용되는 의약 성분이다.
기타의 호흡기관용약,M264383,반하연조엑스(2.0~2.4→1),반하연조엑스(2.0~2.4→1)은(는) 기타의 호흡기관용약 제제에서 사용되는 의약 성분이다.
기타의 호흡기관용약,M264823,황색산화철글리세롤혼합물,황색산화철글리세롤혼합물은(는) 기타의 호흡기관용약 제제에서 사용되는 의약 성분이다.
기타의 호흡기관용약,M267311,복령연조엑스(22.1~27.0→1),복령연조엑스(22.1~27.0→1)은(는) 기타의 호흡기관용약 제제에서 사용되는 의약 성분이다.
기타의 호흡기관용약,M268065,생강연조엑스(5.1~6.9→1),생강연조엑스(5.1~6.9→1)은(는) 기타의 호흡기관용약 제제에서 사용되는 의약 성분이다.
기타의 자양강장변질제,M040484,유당,유당은(는) 기타의 자양강장변질제 제제에서 사용되는 의약 성분이다.
기타의 자양강장변질제,M051344,주석산수소콜린,주석산수소콜린은(는) 기타의 자양강장변질제 제제에서 사용되는 의약 성분이다.
기타의 자양강장변질제,M081583,정제대두유,정제대두유은(는) 기타의 자양강장변질제 제제에서 사용되는 의약 성분이다.
기타의 자양강장변질제,M081931,시클로덱스트린액,시클로덱스트린액은(는) 기타의 자양강장변질제 제제에서 사용되는 의약 성분이다.
기타의 자양강장변질제,M082727,감초엑스산,감초엑스산은(는) 기타의 자양강장변질제 제제에서 사용되는 의약 성분이다.
기타의 자양강장변질제,M082962,파인애플향,파인애플향은(는) 기타의 자양강장변질제 제제에서 사용되는 의약 성분이다.
기타의 자양강장변질제,M088599,보중익기탕연조엑스,보중익기탕연조엑스은(는) 기타의 자양강장변질제 제제에서 사용되는 의약 성분이다.
기타의 자양강장변질제,M095195,아르기닌,아르기닌은(는) 기타의 자양강장변질제 제제에서 사용되는 의약 성분이다.
기타의 자양강장변질제,M116810,인삼 연조엑스(2.2~2.7→1),인삼 연조엑스(2.2~2.7→1)은(는) 기타의 자양강장변질제 제제에서 사용되는 의약 성분이다.
기타의 자양강장변질제,M117010,오파드라이II갈색(85G56954),오파드라이II갈색(85G56954)은(는) 기타의 자양강장변질제 제제에서 사용되는 의약 성분이다.
기타의 자양강장변질제,M203772,정제쉘락,정제쉘락은(는) 기타의 자양강장변질제 제제에서 사용되는 의약 성분이다.
기타의 자양강장변질제,M212865,이상물건조엑스,이상물건조엑스은(는) 기타의 자양강장변질제 제제에서 사용되는 의약 성분이다.
기타의 자양강장변질제,M213674,폴리옥시에칠렌경화피마자유 60,폴리옥시에칠렌경화피마자유 60은(는) 기타의 자양강장변질제 제제에서 사용되는 의약 성분이다.
기타의 자양강장변질제,M229458,홍화씨유,홍화씨유은(는) 기타의 자양강장변질제 제제에서 사용되는 의약 성분이다.
기타의 자양강장변질제,M239948,탈크,탈크은(는) 기타의 자양강장변질제 제제에서 사용되는 의약 성분이다.
기타의 자양강장변질제,M240075,염산피리독신,염산피리독신은(는) 기타의 자양강장변질제 제제에서 사용되는 의약 성분이다.
기타의 자양강장변질제,M246028,황산망간수화물,황산망간수화물은(는) 기타의 자양강장변질제 제제에서 사용되는 의약 성분이다.
기타의 자양강장변질제,M256341,사과향03B00219,사과향03B00219은(는) 기타의 자양강장변질제 제제에서 사용되는 의약 성분이다.
기타의 자양강장변질제,M256342,사과향03B00220,사과향03B00220은(는) 기타의 자양강장변질제 제제에서 사용되는 의약 성분이다.
기타의 비뇨생식기관 및 항문용약,M070004,수산화나트륨,수산화나트륨은(는) 기타의 비뇨생식기관 및 항문용약 제제에서 사용되는 의약 성분이다.
기타의 비뇨생식기관 및 항문용약,M091374,무수인산수소칼슘,무수인산수소칼슘은(는) 기타의 비뇨생식기관 및 항문용약 제제에서 사용되는 의약 성분이다.
기타의 비뇨생식기관 및 항문용약,M095164,사카린나트륨,사카린나트륨은(는) 기타의 비뇨생식기관 및 항문용약 제제에서 사용되는 의약 성분이다.
기타의 비뇨생식기관 및 항문용약,M095818,레시틴,레시틴은(는) 기타의 비뇨생식기관 및 항문용약 제제에서 사용되는 의약 성분이다.
기타의 비뇨생식기관 및 항문용약,M099351,푸마르산스테아릴나트륨,푸마르산스테아릴나트륨은(는) 기타의 비뇨생식기관 및 항문용약 제제에서 사용되는 의약 성분이다.
기타의 비뇨생식기관 및 항문용약,M100834,마이크로셀락100,마이크로셀락100은(는) 기타의 비뇨생식기관 및 항문용약 제제에서 사용되는 의약 성분이다.
기타의 비뇨생식기관 및 항문용약,M204434,L-멘톨,L-멘톨은(는) 기타의 비뇨생식기관 및 항문용약 제제에서 사용되는 의약 성분이다.
기타의 비뇨생식기관 및 항문용약,M208125,폴리에틸렌옥사이드,폴리에틸렌옥사이드은(는) 기타의 비뇨생식기관 및 항문용약 제제에서 사용되는 의약 성분이다.
기타의 비뇨생식기관 및 항문용약,M247916,트리에틸시트르산염,트리에틸시트르산염은(는) 기타의 비뇨생식기관 및 항문용약 제제에서 사용되는 의약 성분이다.
기타의 비뇨생식기관 및 항문용약,M253521,산화폴리에틸렌,산화폴리에틸렌은(는) 기타의 비뇨생식기관 및 항문용약 제제에서 사용되는 의약 성분이다.
기타의 비뇨생식기관 및 항문용약,M258122,메타아크릴산·아크릴산에틸공중합체(1:1)분산액30%,메타아크릴산·아크릴산에틸공중합체(1:1)분산액30%은(는) 기타의 비뇨생식기관 및 항문용약 제제에서 사용되는 의약 성분이다.
기타의 비뇨생식기관 및 항문용약,M261424,오파드라이분홍색(03B640016),오파드라이분홍색(03B640016)은(는) 기타의 비뇨생식기관 및 항문용약 제제에서 사용되는 의약 성분이다.
기타의 비뇨생식기관 및 항문용약,M263085,오파드라이Ⅱ회색(85F675007),오파드라이Ⅱ회색(85F675007)은(는) 기타의 비뇨생식기관 및 항문용약 제제에서 사용되는 의약 성분이다.
기타의 비뇨생식기관 및 항문용약,M268651,오파드라이노란색(03F220071),오파드라이노란색(03F220071)은(는) 기타의 비뇨생식기관 및 항문용약 제제에서 사용되는 의약 성분이다.
기타의 비뇨생식기관 및 항문용약,M269928,오파드라이 노란색 II 32K620005,오파드라이 노란색 II 32K620005은(는) 기타의 비뇨생식기관 및 항문용약 제제에서 사용되는 의약 성분이다.
기타의 비뇨생식기관 및 항문용약,M281014,탭쉴드흰색(11W721),탭쉴드흰색(11W721)은(는) 기타의 비뇨생식기관 및 항문용약 제제에서 사용되는 의약 성분이다.
기타의 비뇨생식기관 및 항문용약,M282714,비베그론,비베그론은(는) 기타의 비뇨생식기관 및 항문용약 제제에서 사용되는 의약 성분이다.
기타의 항생물질제제(복합항생물질제제를 포함),M020092,암피실린나트륨,암피실린나트륨은(는) 기타의 항생물질제제(복합항생물질제제를 포함) 제제에서 사용되는 의약 성분이다.
기타의 항생물질제제(복합항생물질제제를 포함),M080233,에칠바닐린,에칠바닐린은(는) 기타의 항생물질제제(복합항생물질제제를 포함) 제제에서 사용되는 의약 성분이다.
기타의 항생물질제제(복합항생물질제제를 포함),M091168,아세설팜칼륨,아세설팜칼륨은(는) 기타의 항생물질제제(복합항생물질제제를 포함) 제제에서 사용되는 의약 성분이다.
기타의 항생물질제제(복합항생물질제제를 포함),M096291,폴록사머,폴록사머은(는) 기타의 항생물질제제(복합항생물질제제를 포함) 제제에서 사용되는 의약 성분이다.
기타의 항생물질제제(복합항생물질제제를 포함),M102967,히프로멜로오스,히프로멜로오스은(는) 기타의 항생물질제제(복합항생물질제제를 포함) 제제에서 사용되는 의약 성분이다.
기타의 항생물질제제(복합항생물질제제를 포함),M239959,전분글리콘산나트륨,전분글리콘산나트륨은(는) 기타의 항생물질제제(복합항생물질제제를 포함) 제제에서 사용되는 의약 성분이다.
기타의 항생물질제제(복합항생물질제제를 포함),M243200,소르비탄모노올레이트,소르비탄모노올레이트은(는) 기타의 항생물질제제(복합항생물질제제를 포함) 제제에서 사용되는 의약 성분이다.
기타의 항생물질제제(복합항생물질제제를 포함),M250025,스테아르산파인파우더,스테아르산파인파우더은(는) 기타의 항생물질제제(복합항생물질제제를 포함) 제제에서 사용되는 의약 성분이다.
기타의 항생물질제제(복합항생물질제제를 포함),M278770,오파드라이노랑 (03B62434),오파드라이노랑 (03B62434)은(는) 기타의 항생물질제제(복합항생물질제제를 포함) 제제에서 사용되는 의약 성분이다.
신경계 감각기관용 의약품,M082272,디오스민,디오스민은(는) 신경계 감각기관용 의약품 제제에서 사용되는 의약 성분이다.
신경계 감각기관용 의약품,M244534,스테아르산마그네슘,스테아르산마그네슘은(는) 신경계 감각기관용 의약품 제제에서 사용되는 의약 성분이다.
신경계 감각기관용 의약품,M245108,미결정셀룰로오스,미결정셀룰로오스은(는) 신경계 감각기관용 의약품 제제에서 사용되는 의약 성분이다.
신경계 감각기관용 의약품,M278206,오파드라이EZ클리어(253U190007),오파드라이EZ클리어(253U190007)은(는) 신경계 감각기관용 의약품 제제에서 사용되는 의약 성분이다.
신경계 감각기관용 의약품,M281957,오파드라이분홍색(03B640092),오파드라이분홍색(03B640092)은(는) 신경계 감각기관용 의약품 제제에서 사용되는 의약 성분이다.
기타의 조직세포의 기능용의약품,M007131,정제수,정제수은(는) 기타의 조직세포의 기능용의약품 제제에서 사용되는 의약 성분이다.
기타의 조직세포의 기능용의약품,M040200,박하유,박하유은(는) 기타의 조직세포의 기능용의약품 제제에서 사용되는 의약 성분이다.
기타의 조직세포의 기능용의약품,M082542,글리세롤,글리세롤은(는) 기타의 조직세포의 기능용의약품 제제에서 사용되는 의약 성분이다.
기타의 조직세포의 기능용의약품,M240788,폴리에칠렌글리콜400,폴리에칠렌글리콜400은(는) 기타의 조직세포의 기능용의약품 제제에서 사용되는 의약 성분이다.
기타의 조직세포의 기능용의약품,M249378,헤파린나트륨,헤파린나트륨은(는) 기타의 조직세포의 기능용의약품 제제에서 사용되는 의약 성분이다.
기타의 조직세포의 치료 및 진단,M082585,인산일수소나트륨이수화물,인산일수소나트륨이수화물은(는) 기타의 조직세포의 치료 및 진단 제제에서 사용되는 의약 성분이다.
기타의 조직세포의 치료 및 진단,M215288,L-히스티딘,L-히스티딘은(는) 기타의 조직세포의 치료 및 진단 제제에서 사용되는 의약 성분이다.
기타의 조직세포의 치료 및 진단,M217393,자가유래 피부섬유아세포,자가유래 피부섬유아세포은(는) 기타의 조직세포의 치료 및 진단 제제에서 사용되는 의약 성분이다.
기타의 조직세포의 치료 및 진단,M244299,폴리소르베이트80,폴리소르베이트80은(는) 기타의 조직세포의 치료 및 진단 제제에서 사용되는 의약 성분이다.
기타의 조직세포의 치료 및 진단,M267629,에탄올흡착탈지면,에탄올흡착탈지면은(는) 기타의 조직세포의 치료 및 진단 제제에서 사용되는 의약 성분이다.
기타의 생물학적 제제,M040220,벤질알코올,벤질알코올은(는) 기타의 생물학적 제제 제제에서 사용되는 의약 성분이다.
기타의 생물학적 제제,M089794,폴록사머188,폴록사머188은(는) 기타의 생물학적 제제 제제에서 사용되는 의약 성분이다.
기타의 생물학적 제제,M223095,L-아르기닌염산염,L-아르기닌염산염은(는) 기타의 생물학적 제제 제제에서 사용되는 의약 성분이다.
기타의 생물학적 제제,M246098,인터페론-알파(BALL-1),인터페론-알파(BALL-1)은(는) 기타의 생물학적 제제 제제에서 사용되는 의약 성분이다.
기타의 생물학적 제제,M260333,트레할로스이수화물,트레할로스이수화물은(는) 기타의 생물학적 제제 제제에서 사용되는 의약 성분이다.
기타의 신경계및 감각기관용 의약품,M040538,진피,진피은(는) 기타의 신경계및 감각기관용 의약품 제제에서 사용되는 의약 성분이다.
기타의 신경계및 감각기관용 의약품,M084832,길경엑스산,길경엑스산은(는) 기타의 신경계및 감각기관용 의약품 제제에서 사용되는 의약 성분이다.
기타의 신경계및 감각기관용 의약품,M104750,사칠탕건조엑스(10.1→1),사칠탕건조엑스(10.1→1)은(는) 기타의 신경계및 감각기관용 의약품 제제에서 사용되는 의약 성분이다.
기타의 신경계및 감각기관용 의약품,M208842,전분 글리콘산나트륨,전분 글리콘산나트륨은(는) 기타의 신경계및 감각기관용 의약품 제제에서 사용되는 의약 성분이다.
기타의 신경계및 감각기관용 의약품,M262503,건강연조엑스(1.5~1.8→1),건강연조엑스(1.5~1.8→1)은(는) 기타의 신경계및 감각기관용 의약품 제제에서 사용되는 의약 성분이다.
기타의 신경계및 감각기관용 의약품,M262508,반하연조엑스(1.8~2.2→1),반하연조엑스(1.8~2.2→1)은(는) 기타의 신경계및 감각기관용 의약품 제제에서 사용되는 의약 성분이다.
기타의 호르몬제(항호르몬제를 포함),M040484,유당,유당은(는) 기타의 호르몬제(항호르몬제를 포함) 제제에서 사용되는 의약 성분이다.
기타의 호르몬제(항호르몬제를 포함),M100817,루트로핀알파(인황체형성호르몬)(유전자재조합),루트로핀알파(인황체형성호르몬)(유전자재조합)은(는) 기타의 호르몬제(항호르몬제를 포함) 제제에서 사용되는 의약 성분이다.
기타의 호르몬제(항호르몬제를 포함),M102244,폴리비닐피롤리돈,폴리비닐피롤리돈은(는) 기타의 호르몬제(항호르몬제를 포함) 제제에서 사용되는 의약 성분이다.
기타의 호르몬제(항호르몬제를 포함),M212447,아세트산 무수물,아세트산 무수물은(는) 기타의 호르몬제(항호르몬제를 포함) 제제에서 사용되는 의약 성분이다.
기타의 호르몬제(항호르몬제를 포함),M244671,프로필렌글리콜,프로필렌글리콜은(는) 기타의 호르몬제(항호르몬제를 포함) 제제에서 사용되는 의약 성분이다.
기타의 대사성 의약품,M070004,수산화나트륨,수산화나트륨은(는) 기타의 대사성 의약품 제제에서 사용되는 의약 성분이다.
기타의 대사성 의약품,M101378,수크랄로오스,수크랄로오스은(는) 기타의 대사성 의약품 제제에서 사용되는 의약 성분이다.
기타의 대사성 의약품,M223053,벤조산나트륨,벤조산나트륨은(는) 기타의 대사성 의약품 제제에서 사용되는 의약 성분이다.
기타의 대사성 의약품,M244102,오렌지에센스,오렌지에센스은(는) 기타의 대사성 의약품 제제에서 사용되는 의약 성분이다.
기타의 대사성 의약품,M247305,시트룰린말산염,시트룰린말산염은(는) 기타의 대사성 의약품 제제에서 사용되는 의약 성분이다.
기타의 개개의 기관용 의약품,M040048,길경,길경은(는) 기타의 개개의 기관용 의약품 제제에서 사용되는 의약 성분이다.
기타의 개개의 기관용 의약품,M040336,시호,시호은(는) 기타의 개개의 기관용 의약품 제제에서 사용되는 의약 성분이다.
기타의 개개의 기관용 의약품,M040550,천궁,천궁은(는) 기타의 개개의 기관용 의약품 제제에서 사용되는 의약 성분이다.
기타의 개개의 기관용 의약품,M089498,시호엑스산,시호엑스산은(는) 기타의 개개의 기관용 의약품 제제에서 사용되는 의약 성분이다.
기타의 개개의 기관용 의약품,M270225,청피건조엑스 (4.7~5.7→1),청피건조엑스 (4.7~5.7→1)은(는) 기타의 개개의 기관용 의약품 제제에서 사용되는 의약 성분이다.
저함량 비타민 및 미네랄 제제,M051962,황산망간,황산망간은(는) 저함량 비타민 및 미네랄 제제 제제에서 사용되는 의약 성분이다.
저함량 비타민 및 미네랄 제제,M091302,치자청색소,치자청색소은(는) 저함량 비타민 및 미네랄 제제 제제에서 사용되는 의약 성분이다.
저함량 비타민 및 미네랄 제제,M222996,리보플라빈포스페이트나트륨,리보플라빈포스페이트나트륨은(는) 저함량 비타민 및 미네랄 제제 제제에서 사용되는 의약 성분이다.
저함량 비타민 및 미네랄 제제,M245108,미결정셀룰로오스,미결정셀룰로오스은(는) 저함량 비타민 및 미네랄 제제 제제에서 사용되는 의약 성분이다.
저함량 비타민 및 미네랄 제제,M249539,히드록시프로필셀룰로오스,히드록시프로필셀룰로오스은(는) 저함량 비타민 및 미네랄 제제 제제에서 사용되는 의약 성분이다.
기타의 혈액 및 체액용약,M086414,말산,말산은(는) 기타의 혈액 및 체액용약 제제에서 사용되는 의약 성분이다.
기타의 혈액 및 체액용약,M093721,1회용주사침,1회용주사침은(는) 기타의 혈액 및 체액용약 제제에서 사용되는 의약 성분이다.
기타의 혈액 및 체액용약,M103014,폴리에틸렌글리콜3350,폴리에틸렌글리콜3350은(는) 기타의 혈액 및 체액용약 제제에서 사용되는 의약 성분이다.
기타의 혈액 및 체액용약,M103077,L-아르기닌,L-아르기닌은(는) 기타의 혈액 및 체액용약 제제에서 사용되는 의약 성분이다.
기타의 혈액 및 체액용약,M206632,주사기,주사기은(는) 기타의 혈액 및 체액용약 제제에서 사용되는 의약 성분이다.
기타의 혈액 및 체액용약,M224550,시트르산일수화물,시트르산일수화물은(는) 기타의 혈액 및 체액용약 제제에서 사용되는 의약 성분이다.
기타의 혈액 및 체액용약,M243576,폴리소르베이트20,폴리소르베이트20은(는) 기타의 혈액 및 체액용약 제제에서 사용되는 의약 성분이다.
기타의 혈액 및 체액용약,M255830,직접주입용의약품주입용기구,직접주입용의약품주입용기구은(는) 기타의 혈액 및 체액용약 제제에서 사용되는 의약 성분이다.
기타의 혈액 및 체액용약,M260078,트리페그필그라스팀,트리페그필그라스팀은(는) 기타의 혈액 및 체액용약 제제에서 사용되는 의약 성분이다.
기타의 혈액 및 체액용약,M268530,에프에이알콜스왑(이소프로판올),에프에이알콜스왑(이소프로판올)은(는) 기타의 혈액 및 체액용약 제제에서 사용되는 의약 성분이다.
기타의 혈액 및 체액용약,M283617,트리스(히드록시메탈)아미노메탄수화염화물,트리스(히드록시메탈)아미노메탄수화염화물은(는) 기타의 혈액 및 체액용약 제제에서 사용되는 의약 성분이다.
독소류 및 톡소이드류,M089794,폴록사머188,폴록사머188은(는) 독소류 및 톡소이드류 제제에서 사용되는 의약 성분이다.
독소류 및 톡소이드류,M215288,L-히스티딘,L-히스티딘은(는) 독소류 및 톡소이드류 제제에서 사용되는 의약 성분이다.
독소류 및 톡소이드류,M236261,염산,염산은(는) 독소류 및 톡소이드류 제제에서 사용되는 의약 성분이다.
독소류 및 톡소이드류,M237131,클로스트리디움 보툴리눔 독소 A형 (Hall 균주),클로스트리디움 보툴리눔 독소 A형 (Hall 균주)은(는) 독소류 및 톡소이드류 제제에서 사용되는 의약 성분이다.
독소류 및 톡소이드류,M285530,클로스트리디움보툴리눔독소A형(150kDa),클로스트리디움보툴리눔독소A형(150kDa)은(는) 독소류 및 톡소이드류 제제에서 사용되는 의약 성분이다.
항독소 및 렙토스피라혈청류,M245819,건조살무사항독소,건조살무사항독소은(는) 항독소 및 렙토스피라혈청류 제제에서 사용되는 의약 성분이다.
항독소 및 렙토스피라혈청류,M246001,1.5w/v% 아미노초산,1.5w/v% 아미노초산은(는) 항독소 및 렙토스피라혈청류 제제에서 사용되는 의약 성분이다.
항독소 및 렙토스피라혈청류,M283270,0.6%염화나트륨주사액,0.6%염화나트륨주사액은(는) 항독소 및 렙토스피라혈청류 제제에서 사용되는 의약 성분이다.
"각성제,흥분제",M040450,옥수수전분,"옥수수전분은(는) 각성제,흥분제 제제에서 사용되는 의약 성분이다."
"각성제,흥분제",M040511,인산,"인산은(는) 각성제,흥분제 제제에서 사용되는 의약 성분이다."
"각성제,흥분제",M092311,구형백당,"구형백당은(는) 각성제,흥분제 제제에서 사용되는 의약 성분이다."
"각성제,흥분제",M237302,캡슐기제,"캡슐기제은(는) 각성제,흥분제 제제에서 사용되는 의약 성분이다."
"각성제,흥분제",M262229,암모니오메타크릴레이트공중합체분산액,"암모니오메타크릴레이트공중합체분산액은(는) 각성제,흥분제 제제에서 사용되는 의약 성분이다."
"발한제,지한제",M102967,히프로멜로오스,"히프로멜로오스은(는) 발한제,지한제 제제에서 사용되는 의약 성분이다."
"발한제,지한제",M243973,알로에베라겔,"알로에베라겔은(는) 발한제,지한제 제제에서 사용되는 의약 성분이다."
"발한제,지한제",M244301,폴리에틸렌글리콜 400,"폴리에틸렌글리콜 400은(는) 발한제,지한제 제제에서 사용되는 의약 성분이다."
"발한제,지한제",M278679,덱스판테놀,"덱스판테놀은(는) 발한제,지한제 제제에서 사용되는 의약 성분이다."
"발한제,지한제",M284425,에탄올(95),"에탄올(95)은(는) 발한제,지한제 제제에서 사용되는 의약 성분이다."
"최토제, 진토제",M050400,만니톨,"만니톨은(는) 최토제, 진토제 제제에서 사용되는 의약 성분이다."
"최토제, 진토제",M081035,인산,"인산은(는) 최토제, 진토제 제제에서 사용되는 의약 성분이다."
"최토제, 진토제",M203383,스테아르산칼슘,"스테아르산칼슘은(는) 최토제, 진토제 제제에서 사용되는 의약 성분이다."
"최토제, 진토제",M203632,오파드라이화이트YS-1-18027-A,"오파드라이화이트YS-1-18027-A은(는) 최토제, 진토제 제제에서 사용되는 의약 성분이다."
"최토제, 진토제",M223365,에데트산나트륨수화물,"에데트산나트륨수화물은(는) 최토제, 진토제 제제에서 사용되는 의약 성분이다."
"최토제, 진토제",M239347,식약청인정타르색소,"식약청인정타르색소은(는) 최토제, 진토제 제제에서 사용되는 의약 성분이다."
"최토제, 진토제",M243428,D-소르비톨액,"D-소르비톨액은(는) 최토제, 진토제 제제에서 사용되는 의약 성분이다."
"최토제, 진토제",M249191,탤크,"탤크은(는) 최토제, 진토제 제제에서 사용되는 의약 성분이다."
"최토제, 진토제",M257638,온단세트론염산염,"온단세트론염산염은(는) 최토제, 진토제 제제에서 사용되는 의약 성분이다."
"갑상선, 부갑상선호르몬제",M081383,카르비마졸,"카르비마졸은(는) 갑상선, 부갑상선호르몬제 제제에서 사용되는 의약 성분이다."
"갑상선, 부갑상선호르몬제",M102730,히프로멜로오스2910,"히프로멜로오스2910은(는) 갑상선, 부갑상선호르몬제 제제에서 사용되는 의약 성분이다."
"갑상선, 부갑상선호르몬제",M220492,라우릴 황산나트륨,"라우릴 황산나트륨은(는) 갑상선, 부갑상선호르몬제 제제에서 사용되는 의약 성분이다."
"갑상선, 부갑상선호르몬제",M223556,스테아르산마그네슘,"스테아르산마그네슘은(는) 갑상선, 부갑상선호르몬제 제제에서 사용되는 의약 성분이다."
"갑상선, 부갑상선호르몬제",M243246,아세트산나트륨수화물,"아세트산나트륨수화물은(는) 갑상선, 부갑상선호르몬제 제제에서 사용되는 의약 성분이다."
외용 표준제조기준 제제,M007131,정제수,정제수은(는) 외용 표준제조기준 제제 제제에서 사용되는 의약 성분이다.
외용 표준제조기준 제제,M040108,디펜히드라민,디펜히드라민은(는) 외용 표준제조기준 제제 제제에서 사용되는 의약 성분이다.
외용 표준제조기준 제제,M051499,크로타미톤,크로타미톤은(는) 외용 표준제조기준 제제 제제에서 사용되는 의약 성분이다.
외용 표준제조기준 제제,M215133,에녹솔론,에녹솔론은(는) 외용 표준제조기준 제제 제제에서 사용되는 의약 성분이다.
외용 표준제조기준 제제,M284425,에탄올(95),에탄올(95)은(는) 외용 표준제조기준 제제 제제에서 사용되는 의약 성분이다.
주로 그람양성균에 작용하는 것,M020029,디클록사실린나트륨,디클록사실린나트륨은(는) 주로 그람양성균에 작용하는 것 제제에서 사용되는 의약 성분이다.
주로 그람양성균에 작용하는 것,M070004,수산화나트륨,수산화나트륨은(는) 주로 그람양성균에 작용하는 것 제제에서 사용되는 의약 성분이다.
주로 그람양성균에 작용하는 것,M229401,미결정셀룰로오스,미결정셀룰로오스은(는) 주로 그람양성균에 작용하는 것 제제에서 사용되는 의약 성분이다.
주로 그람양성균에 작용하는 것,M236261,염산,염산은(는) 주로 그람양성균에 작용하는 것 제제에서 사용되는 의약 성분이다.
주로 그람양성균에 작용하는 것,M249191,탤크,탤크은(는) 주로 그람양성균에 작용하는 것 제제에서 사용되는 의약 성분이다.
주로 그람음성균에 작용하는 것,M040210,정제백당,정제백당은(는) 주로 그람음성균에 작용하는 것 제제에서 사용되는 의약 성분이다.
주로 그람음성균에 작용하는 것,M223048,벤잘코늄염화물,벤잘코늄염화물은(는) 주로 그람음성균에 작용하는 것 제제에서 사용되는 의약 성분이다.
주로 그람음성균에 작용하는 것,M243169,무수황산나트륨,무수황산나트륨은(는) 주로 그람음성균에 작용하는 것 제제에서 사용되는 의약 성분이다.
주로 그람음성균에 작용하는 것,M254013,콜리스틴메탄설포네이트나트륨,콜리스틴메탄설포네이트나트륨은(는) 주로 그람음성균에 작용하는 것 제제에서 사용되는 의약 성분이다.
주로 그람음성균에 작용하는 것,M258990,무수황산나트륨,무수황산나트륨은(는) 주로 그람음성균에 작용하는 것 제제에서 사용되는 의약 성분이다.
주로 악성종양에 작용하는 것,M085416,닥티노마이신,닥티노마이신은(는) 주로 악성종양에 작용하는 것 제제에서 사용되는 의약 성분이다.
주로 악성종양에 작용하는 것,M086779,염산아이다루비신,염산아이다루비신은(는) 주로 악성종양에 작용하는 것 제제에서 사용되는 의약 성분이다.
주로 악성종양에 작용하는 것,M089297,수소화대두포스파티딜콜린,수소화대두포스파티딜콜린은(는) 주로 악성종양에 작용하는 것 제제에서 사용되는 의약 성분이다.
주로 악성종양에 작용하는 것,M222558,파라옥시벤조산메틸,파라옥시벤조산메틸은(는) 주로 악성종양에 작용하는 것 제제에서 사용되는 의약 성분이다.
주로 악성종양에 작용하는 것,M222835,독소루비신염산염,독소루비신염산염은(는) 주로 악성종양에 작용하는 것 제제에서 사용되는 의약 성분이다.
주로 항산성균에 작용하는 것,M060161,실리콘수지,실리콘수지은(는) 주로 항산성균에 작용하는 것 제제에서 사용되는 의약 성분이다.
주로 항산성균에 작용하는 것,M083074,결정인산이수소나트륨,결정인산이수소나트륨은(는) 주로 항산성균에 작용하는 것 제제에서 사용되는 의약 성분이다.
주로 항산성균에 작용하는 것,M101611,캡슐제,캡슐제은(는) 주로 항산성균에 작용하는 것 제제에서 사용되는 의약 성분이다.
주로 항산성균에 작용하는 것,M236461,"모노,디아세틸레이티드모노글리세라이드","모노,디아세틸레이티드모노글리세라이드은(는) 주로 항산성균에 작용하는 것 제제에서 사용되는 의약 성분이다."
주로 항산성균에 작용하는 것,M256305,캡슐(상부:분홍색),캡슐(상부:분홍색)은(는) 주로 항산성균에 작용하는 것 제제에서 사용되는 의약 성분이다.
"주로 그람양성균, 리케치아, 비루스에 작용하는 것",M040733,프로필렌글리콜,"프로필렌글리콜은(는) 주로 그람양성균, 리케치아, 비루스에 작용하는 것 제제에서 사용되는 의약 성분이다."
"주로 그람양성균, 리케치아, 비루스에 작용하는 것",M082359,"메타아크릴산디메칠아미노에칠,메타아크릴산메칠코폴리머","메타아크릴산디메칠아미노에칠,메타아크릴산메칠코폴리머은(는) 주로 그람양성균, 리케치아, 비루스에 작용하는 것 제제에서 사용되는 의약 성분이다."
"주로 그람양성균, 리케치아, 비루스에 작용하는 것",M082720,록시스로마이신,"록시스로마이신은(는) 주로 그람양성균, 리케치아, 비루스에 작용하는 것 제제에서 사용되는 의약 성분이다."
"주로 그람양성균, 리케치아, 비루스에 작용하는 것",M204639,캅셀,"캅셀은(는) 주로 그람양성균, 리케치아, 비루스에 작용하는 것 제제에서 사용되는 의약 성분이다."
"주로 그람양성균, 리케치아, 비루스에 작용하는 것",M208842,전분 글리콘산나트륨,"전분 글리콘산나트륨은(는) 주로 그람양성균, 리케치아, 비루스에 작용하는 것 제제에서 사용되는 의약 성분이다."
"주로 그람양성균, 리케치아, 비루스에 작용하는 것",M229540,히프로멜로오스프탈레이트200731,"히프로멜로오스프탈레이트200731은(는) 주로 그람양성균, 리케치아, 비루스에 작용하는 것 제제에서 사용되는 의약 성분이다."
"주로 그람양성균, 리케치아, 비루스에 작용하는 것",M251197,메타아크릴산디메틸아미노에틸·메타아크릴산메틸공중합체,"메타아크릴산디메틸아미노에틸·메타아크릴산메틸공중합체은(는) 주로 그람양성균, 리케치아, 비루스에 작용하는 것 제제에서 사용되는 의약 성분이다."
따로 분류되지 않는 대사성 의약품,M051286,인산이수소나트륨,인산이수소나트륨은(는) 따로 분류되지 않는 대사성 의약품 제제에서 사용되는 의약 성분이다.
따로 분류되지 않는 대사성 의약품,M071567,포도향,포도향은(는) 따로 분류되지 않는 대사성 의약품 제제에서 사용되는 의약 성분이다.
따로 분류되지 않는 대사성 의약품,M085046,프로필파라벤,프로필파라벤은(는) 따로 분류되지 않는 대사성 의약품 제제에서 사용되는 의약 성분이다.
따로 분류되지 않는 대사성 의약품,M088483,팔미틴산레티놀,팔미틴산레티놀은(는) 따로 분류되지 않는 대사성 의약품 제제에서 사용되는 의약 성분이다.
따로 분류되지 않는 대사성 의약품,M088545,오르소시폰분말,오르소시폰분말은(는) 따로 분류되지 않는 대사성 의약품 제제에서 사용되는 의약 성분이다.
따로 분류되지 않는 대사성 의약품,M089598,캡슐,캡슐은(는) 따로 분류되지 않는 대사성 의약품 제제에서 사용되는 의약 성분이다.
따로 분류되지 않는 대사성 의약품,M091168,아세설팜칼륨,아세설팜칼륨은(는) 따로 분류되지 않는 대사성 의약품 제제에서 사용되는 의약 성분이다.
따로 분류되지 않는 대사성 의약품,M099306,(상ㆍ하)초록색캡슐,(상ㆍ하)초록색캡슐은(는) 따로 분류되지 않는 대사성 의약품 제제에서 사용되는 의약 성분이다.
따로 분류되지 않는 대사성 의약품,M202185,Basegranule,Basegranule은(는) 따로 분류되지 않는 대사성 의약품 제제에서 사용되는 의약 성분이다.
따로 분류되지 않는 대사성 의약품,M203094,메타아크릴산/아크릴산에틸공중합체,메타아크릴산/아크릴산에틸공중합체은(는) 따로 분류되지 않는 대사성 의약품 제제에서 사용되는 의약 성분이다.
따로 분류되지 않는 대사성 의약품,M204434,L-멘톨,L-멘톨은(는) 따로 분류되지 않는 대사성 의약품 제제에서 사용되는 의약 성분이다.
따로 분류되지 않는 대사성 의약품,M209359,폴리에틸렌글리콜6000,폴리에틸렌글리콜6000은(는) 따로 분류되지 않는 대사성 의약품 제제에서 사용되는 의약 성분이다.
따로 분류되지 않는 대사성 의약품,M212447,아세트산 무수물,아세트산 무수물은(는) 따로 분류되지 않는 대사성 의약품 제제에서 사용되는 의약 성분이다.
따로 분류되지 않는 대사성 의약품,M236261,염산,염산은(는) 따로 분류되지 않는 대사성 의약품 제제에서 사용되는 의약 성분이다.
따로 분류되지 않는 대사성 의약품,M244907,경질무수규산,경질무수규산은(는) 따로 분류되지 않는 대사성 의약품 제제에서 사용되는 의약 성분이다.
따로 분류되지 않는 대사성 의약품,M249539,히드록시프로필셀룰로오스,히드록시프로필셀룰로오스은(는) 따로 분류되지 않는 대사성 의약품 제제에서 사용되는 의약 성분이다.
따로 분류되지 않는 대사성 의약품,M256191,콘드로이틴설페이트나트륨,콘드로이틴설페이트나트륨은(는) 따로 분류되지 않는 대사성 의약품 제제에서 사용되는 의약 성분이다.
따로 분류되지 않는 대사성 의약품,M264294,오파드라이II주황색(85F43140),오파드라이II주황색(85F43140)은(는) 따로 분류되지 않는 대사성 의약품 제제에서 사용되는 의약 성분이다.
따로 분류되지 않는 대사성 의약품,M269706,로모소주맙,로모소주맙은(는) 따로 분류되지 않는 대사성 의약품 제제에서 사용되는 의약 성분이다.
따로 분류되지 않는 대사성 의약품,M281309,멸균주사침,멸균주사침은(는) 따로 분류되지 않는 대사성 의약품 제제에서 사용되는 의약 성분이다.
따로 분류되지 않는 대사성 의약품,M284306,조합향료(토피넛향 522178),조합향료(토피넛향 522178)은(는) 따로 분류되지 않는 대사성 의약품 제제에서 사용되는 의약 성분이다.
따로 분류되지 않고 치료를 주목적으로 하지않는 의약품,M071843,박하향,박하향은(는) 따로 분류되지 않고 치료를 주목적으로 하지않는 의약품 제제에서 사용되는 의약 성분이다.
따로 분류되지 않고 치료를 주목적으로 하지않는 의약품,M105904,투띠,투띠은(는) 따로 분류되지 않고 치료를 주목적으로 하지않는 의약품 제제에서 사용되는 의약 성분이다.
따로 분류되지 않고 치료를 주목적으로 하지않는 의약품,M112606,오파드라이파란색(03B90547),오파드라이파란색(03B90547)은(는) 따로 분류되지 않고 치료를 주목적으로 하지않는 의약품 제제에서 사용되는 의약 성분이다.
따로 분류되지 않고 치료를 주목적으로 하지않는 의약품,M209492,오파드라이 흰색(YS-1-18202-A),오파드라이 흰색(YS-1-18202-A)은(는) 따로 분류되지 않고 치료를 주목적으로 하지않는 의약품 제제에서 사용되는 의약 성분이다.
따로 분류되지 않고 치료를 주목적으로 하지않는 의약품,M243246,아세트산나트륨수화물,아세트산나트륨수화물은(는) 따로 분류되지 않고 치료를 주목적으로 하지않는 의약품 제제에서 사용되는 의약 성분이다.
따로 분류되지 않고 치료를 주목적으로 하지않는 의약품,M265225,바레니클린옥살산염수화물,바레니클린옥살산염수화물은(는) 따로 분류되지 않고 치료를 주목적으로 하지않는 의약품 제제에서 사용되는 의약 성분이다.
"주로 그람양성, 음성균에 작용하는 것",M020063,세팔렉신,"세팔렉신은(는) 주로 그람양성, 음성균에 작용하는 것 제제에서 사용되는 의약 성분이다."
"주로 그람양성, 음성균에 작용하는 것",M040423,염산,"염산은(는) 주로 그람양성, 음성균에 작용하는 것 제제에서 사용되는 의약 성분이다."
"주로 그람양성, 음성균에 작용하는 것",M070038,결정셀룰로오스,"결정셀룰로오스은(는) 주로 그람양성, 음성균에 작용하는 것 제제에서 사용되는 의약 성분이다."
"주로 그람양성, 음성균에 작용하는 것",M070718,세푸록심나트륨,"세푸록심나트륨은(는) 주로 그람양성, 음성균에 작용하는 것 제제에서 사용되는 의약 성분이다."
"주로 그람양성, 음성균에 작용하는 것",M091168,아세설팜칼륨,"아세설팜칼륨은(는) 주로 그람양성, 음성균에 작용하는 것 제제에서 사용되는 의약 성분이다."
"주로 그람양성, 음성균에 작용하는 것",M096665,시트르산나트륨,"시트르산나트륨은(는) 주로 그람양성, 음성균에 작용하는 것 제제에서 사용되는 의약 성분이다."
"주로 그람양성, 음성균에 작용하는 것",M098170,에르타페넴나트륨,"에르타페넴나트륨은(는) 주로 그람양성, 음성균에 작용하는 것 제제에서 사용되는 의약 성분이다."
"주로 그람양성, 음성균에 작용하는 것",M100850,(상ㆍ하)백색캡슐,"(상ㆍ하)백색캡슐은(는) 주로 그람양성, 음성균에 작용하는 것 제제에서 사용되는 의약 성분이다."
"주로 그람양성, 음성균에 작용하는 것",M105021,아미노메타크릴레이트코폴리머,"아미노메타크릴레이트코폴리머은(는) 주로 그람양성, 음성균에 작용하는 것 제제에서 사용되는 의약 성분이다."
"주로 그람양성, 음성균에 작용하는 것",M200474,말티톨,"말티톨은(는) 주로 그람양성, 음성균에 작용하는 것 제제에서 사용되는 의약 성분이다."
"주로 그람양성, 음성균에 작용하는 것",M208936,황색5호  알루미늄레이크,"황색5호  알루미늄레이크은(는) 주로 그람양성, 음성균에 작용하는 것 제제에서 사용되는 의약 성분이다."
"주로 그람양성, 음성균에 작용하는 것",M211373,아목시실린:클라불란산칼륨(4:1),"아목시실린:클라불란산칼륨(4:1)은(는) 주로 그람양성, 음성균에 작용하는 것 제제에서 사용되는 의약 성분이다."
"주로 그람양성, 음성균에 작용하는 것",M212497,"상부 진녹색, 하부 오렌지색의 경질캡슐","상부 진녹색, 하부 오렌지색의 경질캡슐은(는) 주로 그람양성, 음성균에 작용하는 것 제제에서 사용되는 의약 성분이다."
"주로 그람양성, 음성균에 작용하는 것",M215225,"상부 적갈색, 하부 백색 경질캡슐","상부 적갈색, 하부 백색 경질캡슐은(는) 주로 그람양성, 음성균에 작용하는 것 제제에서 사용되는 의약 성분이다."
"주로 그람양성, 음성균에 작용하는 것",M215426,크로스카르멜로오스나트륨,"크로스카르멜로오스나트륨은(는) 주로 그람양성, 음성균에 작용하는 것 제제에서 사용되는 의약 성분이다."
"주로 그람양성, 음성균에 작용하는 것",M215992,아목시실린나트륨:클라불란산칼륨의 혼합물(5:1),"아목시실린나트륨:클라불란산칼륨의 혼합물(5:1)은(는) 주로 그람양성, 음성균에 작용하는 것 제제에서 사용되는 의약 성분이다."
"주로 그람양성, 음성균에 작용하는 것",M222863,세픽심수화물,"세픽심수화물은(는) 주로 그람양성, 음성균에 작용하는 것 제제에서 사용되는 의약 성분이다."
"주로 그람양성, 음성균에 작용하는 것",M234063,프탈산히드록시프로필메틸셀룰로오스,"프탈산히드록시프로필메틸셀룰로오스은(는) 주로 그람양성, 음성균에 작용하는 것 제제에서 사용되는 의약 성분이다."
"주로 그람양성, 음성균에 작용하는 것",M235035,에테트산나트륨수화물,"에테트산나트륨수화물은(는) 주로 그람양성, 음성균에 작용하는 것 제제에서 사용되는 의약 성분이다."
"주로 그람양성, 음성균에 작용하는 것",M243615,포비돈K30,"포비돈K30은(는) 주로 그람양성, 음성균에 작용하는 것 제제에서 사용되는 의약 성분이다."
"주로 그람양성, 음성균에 작용하는 것",M244908,콜로이드성이산화규소,"콜로이드성이산화규소은(는) 주로 그람양성, 음성균에 작용하는 것 제제에서 사용되는 의약 성분이다."
"주로 그람양성, 음성균에 작용하는 것",M257132,설박탐나트륨,"설박탐나트륨은(는) 주로 그람양성, 음성균에 작용하는 것 제제에서 사용되는 의약 성분이다."
"주로 그람양성, 음성균에 작용하는 것",M270642,L-글루타민산나트륨,"L-글루타민산나트륨은(는) 주로 그람양성, 음성균에 작용하는 것 제제에서 사용되는 의약 성분이다."
"주로 그람양성, 음성균, 리케치아, 비루스에 작용하는 것",M007131,정제수,"정제수은(는) 주로 그람양성, 음성균, 리케치아, 비루스에 작용하는 것 제제에서 사용되는 의약 성분이다."
"주로 그람양성, 음성균, 리케치아, 비루스에 작용하는 것",M040450,옥수수전분,"옥수수전분은(는) 주로 그람양성, 음성균, 리케치아, 비루스에 작용하는 것 제제에서 사용되는 의약 성분이다."
"주로 그람양성, 음성균, 리케치아, 비루스에 작용하는 것",M083947,콜로이드성이산화규소,"콜로이드성이산화규소은(는) 주로 그람양성, 음성균, 리케치아, 비루스에 작용하는 것 제제에서 사용되는 의약 성분이다."
"주로 그람양성, 음성균, 리케치아, 비루스에 작용하는 것",M102730,히프로멜로오스2910,"히프로멜로오스2910은(는) 주로 그람양성, 음성균, 리케치아, 비루스에 작용하는 것 제제에서 사용되는 의약 성분이다."
"주로 그람양성, 음성균, 리케치아, 비루스에 작용하는 것",M244142,황색5호,"황색5호은(는) 주로 그람양성, 음성균, 리케치아, 비루스에 작용하는 것 제제에서 사용되는 의약 성분이다."
기능 검사용 시약,M083252,인산이수소나트륨일수화물,인산이수소나트륨일수화물은(는) 기능 검사용 시약 제제에서 사용되는 의약 성분이다.
기능 검사용 시약,M204408,D-만니톨,D-만니톨은(는) 기능 검사용 시약 제제에서 사용되는 의약 성분이다.
기능 검사용 시약,M212447,아세트산 무수물,아세트산 무수물은(는) 기능 검사용 시약 제제에서 사용되는 의약 성분이다.
기능 검사용 시약,M227966,아세트산나트륨수화물,아세트산나트륨수화물은(는) 기능 검사용 시약 제제에서 사용되는 의약 성분이다.
기능 검사용 시약,M243496,D-만니톨,D-만니톨은(는) 기능 검사용 시약 제제에서 사용되는 의약 성분이다.
"주로 곰팡이, 원충에 작용하는 것",M070004,수산화나트륨,"수산화나트륨은(는) 주로 곰팡이, 원충에 작용하는 것 제제에서 사용되는 의약 성분이다."
"주로 곰팡이, 원충에 작용하는 것",M205921,산화티탄,"산화티탄은(는) 주로 곰팡이, 원충에 작용하는 것 제제에서 사용되는 의약 성분이다."
"주로 곰팡이, 원충에 작용하는 것",M207643,아라비아고무,"아라비아고무은(는) 주로 곰팡이, 원충에 작용하는 것 제제에서 사용되는 의약 성분이다."
"주로 곰팡이, 원충에 작용하는 것",M223090,시트르산수화물,"시트르산수화물은(는) 주로 곰팡이, 원충에 작용하는 것 제제에서 사용되는 의약 성분이다."
"주로 곰팡이, 원충에 작용하는 것",M239948,탈크,"탈크은(는) 주로 곰팡이, 원충에 작용하는 것 제제에서 사용되는 의약 성분이다."
"하제, 완장제",M040043,글리세린,"글리세린은(는) 하제, 완장제 제제에서 사용되는 의약 성분이다."
"하제, 완장제",M060512,황색5호,"황색5호은(는) 하제, 완장제 제제에서 사용되는 의약 성분이다."
"하제, 완장제",M080348,히드록시프로필메칠셀룰로오스2910,"히드록시프로필메칠셀룰로오스2910은(는) 하제, 완장제 제제에서 사용되는 의약 성분이다."
"하제, 완장제",M080624,흑색산화철,"흑색산화철은(는) 하제, 완장제 제제에서 사용되는 의약 성분이다."
"하제, 완장제",M207642,백당,"백당은(는) 하제, 완장제 제제에서 사용되는 의약 성분이다."
"하제, 완장제",M207845,D-소르비톨액 70%,"D-소르비톨액 70%은(는) 하제, 완장제 제제에서 사용되는 의약 성분이다."
"하제, 완장제",M243648,청색1호,"청색1호은(는) 하제, 완장제 제제에서 사용되는 의약 성분이다."
"하제, 완장제",M245576,오파드라이 흰색(21K58794),"오파드라이 흰색(21K58794)은(는) 하제, 완장제 제제에서 사용되는 의약 성분이다."
"하제, 완장제",M249191,탤크,"탤크은(는) 하제, 완장제 제제에서 사용되는 의약 성분이다."
"하제, 완장제",M259086,오파드라이 II 85G41059 Green,"오파드라이 II 85G41059 Green은(는) 하제, 완장제 제제에서 사용되는 의약 성분이다."
"하제, 완장제",M261382,락티톨수화물,"락티톨수화물은(는) 하제, 완장제 제제에서 사용되는 의약 성분이다."
"하제, 완장제",M268915,오파드라이QX분홍색(312A640017),"오파드라이QX분홍색(312A640017)은(는) 하제, 완장제 제제에서 사용되는 의약 성분이다."
"하제, 완장제",M278226,탭쉴드클리어(92C569),"탭쉴드클리어(92C569)은(는) 하제, 완장제 제제에서 사용되는 의약 성분이다."
해열.진통.소염제,M040004,갈근,갈근은(는) 해열.진통.소염제 제제에서 사용되는 의약 성분이다.
해열.진통.소염제,M040355,아스피린,아스피린은(는) 해열.진통.소염제 제제에서 사용되는 의약 성분이다.
해열.진통.소염제,M040394,약용탄,약용탄은(는) 해열.진통.소염제 제제에서 사용되는 의약 성분이다.
해열.진통.소염제,M040487,의이인,의이인은(는) 해열.진통.소염제 제제에서 사용되는 의약 성분이다.
해열.진통.소염제,M040567,카르나우바납,카르나우바납은(는) 해열.진통.소염제 제제에서 사용되는 의약 성분이다.
해열.진통.소염제,M040624,자일리톨,자일리톨은(는) 해열.진통.소염제 제제에서 사용되는 의약 성분이다.
해열.진통.소염제,M040702,포도당,포도당은(는) 해열.진통.소염제 제제에서 사용되는 의약 성분이다.
해열.진통.소염제,M071634,피록시캄,피록시캄은(는) 해열.진통.소염제 제제에서 사용되는 의약 성분이다.
해열.진통.소염제,M080615,분말셀룰로오스,분말셀룰로오스은(는) 해열.진통.소염제 제제에서 사용되는 의약 성분이다.
해열.진통.소염제,M081085,페노프로펜칼슘,페노프로펜칼슘은(는) 해열.진통.소염제 제제에서 사용되는 의약 성분이다.
해열.진통.소염제,M081426,프라노프로펜,프라노프로펜은(는) 해열.진통.소염제 제제에서 사용되는 의약 성분이다.
해열.진통.소염제,M089679,만형자엑스산,만형자엑스산은(는) 해열.진통.소염제 제제에서 사용되는 의약 성분이다.
해열.진통.소염제,M095360,시클로덱스트린시럽,시클로덱스트린시럽은(는) 해열.진통.소염제 제제에서 사용되는 의약 성분이다.
해열.진통.소염제,M099778,글리세린모노스테아레이트,글리세린모노스테아레이트은(는) 해열.진통.소염제 제제에서 사용되는 의약 성분이다.
해열.진통.소염제,M116714,당귀 연조엑스(2.1~2.6→1),당귀 연조엑스(2.1~2.6→1)은(는) 해열.진통.소염제 제제에서 사용되는 의약 성분이다.
해열.진통.소염제,M117978,독활 연조엑스(3.1~3.8→1),독활 연조엑스(3.1~3.8→1)은(는) 해열.진통.소염제 제제에서 사용되는 의약 성분이다.
해열.진통.소염제,M202904,니코틴아마이드,니코틴아마이드은(는) 해열.진통.소염제 제제에서 사용되는 의약 성분이다.
해열.진통.소염제,M204428,L-글루탐산나트륨,L-글루탐산나트륨은(는) 해열.진통.소염제 제제에서 사용되는 의약 성분이다.
해열.진통.소염제,M207642,백당,백당은(는) 해열.진통.소염제 제제에서 사용되는 의약 성분이다.
해열.진통.소염제,M209277,이부프로펜아르기닌,이부프로펜아르기닌은(는) 해열.진통.소염제 제제에서 사용되는 의약 성분이다.
해열.진통.소염제,M213126,덱스케토프로펜트로메타몰,덱스케토프로펜트로메타몰은(는) 해열.진통.소염제 제제에서 사용되는 의약 성분이다.
해열.진통.소염제,M214018,콜로이드성 이산화규소,콜로이드성 이산화규소은(는) 해열.진통.소염제 제제에서 사용되는 의약 성분이다.
해열.진통.소염제,M214134,덱시부프로펜 디.씨,덱시부프로펜 디.씨은(는) 해열.진통.소염제 제제에서 사용되는 의약 성분이다.
해열.진통.소염제,M222890,클로페라스틴염산염,클로페라스틴염산염은(는) 해열.진통.소염제 제제에서 사용되는 의약 성분이다.
해열.진통.소염제,M225450,이상 물건조엑스로서 1.44그램,이상 물건조엑스로서 1.44그램은(는) 해열.진통.소염제 제제에서 사용되는 의약 성분이다.
해열.진통.소염제,M228829,히프로멜로오스 2910,히프로멜로오스 2910은(는) 해열.진통.소염제 제제에서 사용되는 의약 성분이다.
해열.진통.소염제,M229540,히프로멜로오스프탈레이트200731,히프로멜로오스프탈레이트200731은(는) 해열.진통.소염제 제제에서 사용되는 의약 성분이다.
해열.진통.소염제,M230938,오파드라이 Ⅱ 노란색(85F42086),오파드라이 Ⅱ 노란색(85F42086)은(는) 해열.진통.소염제 제제에서 사용되는 의약 성분이다.
해열.진통.소염제,M231198,오파드라이Ⅱ노란색(85F12347),오파드라이Ⅱ노란색(85F12347)은(는) 해열.진통.소염제 제제에서 사용되는 의약 성분이다.
해열.진통.소염제,M242353,인산이수소칼륨,인산이수소칼륨은(는) 해열.진통.소염제 제제에서 사용되는 의약 성분이다.
해열.진통.소염제,M244707,오파드라이 흰색 (03B28796),오파드라이 흰색 (03B28796)은(는) 해열.진통.소염제 제제에서 사용되는 의약 성분이다.
해열.진통.소염제,M247271,하부 청색 캡슐,하부 청색 캡슐은(는) 해열.진통.소염제 제제에서 사용되는 의약 성분이다.
해열.진통.소염제,M256053,"상부 담녹색, 하부 황색 캡슐","상부 담녹색, 하부 황색 캡슐은(는) 해열.진통.소염제 제제에서 사용되는 의약 성분이다."
해열.진통.소염제,M256562,상하부 농황색의 경질캡슐,상하부 농황색의 경질캡슐은(는) 해열.진통.소염제 제제에서 사용되는 의약 성분이다.
해열.진통.소염제,M257321,오파드라이주황색(03F630005),오파드라이주황색(03F630005)은(는) 해열.진통.소염제 제제에서 사용되는 의약 성분이다.
해열.진통.소염제,M261417,오렌지향 KBR-109001,오렌지향 KBR-109001은(는) 해열.진통.소염제 제제에서 사용되는 의약 성분이다.
해열.진통.소염제,M266214,오파드라이노란색(310B620001),오파드라이노란색(310B620001)은(는) 해열.진통.소염제 제제에서 사용되는 의약 성분이다.
해열.진통.소염제,M267313,백지연조엑스(2.4~3.0→1),백지연조엑스(2.4~3.0→1)은(는) 해열.진통.소염제 제제에서 사용되는 의약 성분이다.
해열.진통.소염제,M267319,황련건조엑스(8.93→1),황련건조엑스(8.93→1)은(는) 해열.진통.소염제 제제에서 사용되는 의약 성분이다.
해열.진통.소염제,M267395,황금연조엑스(1.9~2.4→1),황금연조엑스(1.9~2.4→1)은(는) 해열.진통.소염제 제제에서 사용되는 의약 성분이다.
해열.진통.소염제,M267656,비터마스크(SC635912),비터마스크(SC635912)은(는) 해열.진통.소염제 제제에서 사용되는 의약 성분이다.
해열.진통.소염제,M270115,황금건조엑스(3.2~4.0→1),황금건조엑스(3.2~4.0→1)은(는) 해열.진통.소염제 제제에서 사용되는 의약 성분이다.
해열.진통.소염제,M270679,라이트카올린,라이트카올린은(는) 해열.진통.소염제 제제에서 사용되는 의약 성분이다.
해열.진통.소염제,M278584,메론향H,메론향H은(는) 해열.진통.소염제 제제에서 사용되는 의약 성분이다.
해열.진통.소염제,M280362,dl-메틸에페드린염산염,dl-메틸에페드린염산염은(는) 해열.진통.소염제 제제에서 사용되는 의약 성분이다.
해열.진통.소염제,M280698,탭쉴드흰색(29W716),탭쉴드흰색(29W716)은(는) 해열.진통.소염제 제제에서 사용되는 의약 성분이다.
해열.진통.소염제,M284878,탭쉴드파란색(19L1499),탭쉴드파란색(19L1499)은(는) 해열.진통.소염제 제제에서 사용되는 의약 성분이다.
해열.진통.소염제,M285059,쌍화향 KBR-240742,쌍화향 KBR-240742은(는) 해열.진통.소염제 제제에서 사용되는 의약 성분이다.
해열.진통.소염제,M285060,탭쉴드노란색(11Y1532),탭쉴드노란색(11Y1532)은(는) 해열.진통.소염제 제제에서 사용되는 의약 성분이다.
해열.진통.소염제,M285732,조합향료(천연레몬분말향 82203),조합향료(천연레몬분말향 82203)은(는) 해열.진통.소염제 제제에서 사용되는 의약 성분이다.
해열.진통.소염제,M285737,조합향료(레몬향분말 JP3-25559E),조합향료(레몬향분말 JP3-25559E)은(는) 해열.진통.소염제 제제에서 사용되는 의약 성분이다.
진통.진양.수렴.소염제,M071163,적색40호,적색40호은(는) 진통.진양.수렴.소염제 제제에서 사용되는 의약 성분이다.
진통.진양.수렴.소염제,M082591,메타인산나트륨,메타인산나트륨은(는) 진통.진양.수렴.소염제 제제에서 사용되는 의약 성분이다.
진통.진양.수렴.소염제,M084233,올레인산글리세롤,올레인산글리세롤은(는) 진통.진양.수렴.소염제 제제에서 사용되는 의약 성분이다.
진통.진양.수렴.소염제,M084260,유화왁스,유화왁스은(는) 진통.진양.수렴.소염제 제제에서 사용되는 의약 성분이다.
진통.진양.수렴.소염제,M086320,라놀린유,라놀린유은(는) 진통.진양.수렴.소염제 제제에서 사용되는 의약 성분이다.
진통.진양.수렴.소염제,M092816,솔향,솔향은(는) 진통.진양.수렴.소염제 제제에서 사용되는 의약 성분이다.
진통.진양.수렴.소염제,M112780,데카메틸시클로펜타실록산,데카메틸시클로펜타실록산은(는) 진통.진양.수렴.소염제 제제에서 사용되는 의약 성분이다.
진통.진양.수렴.소염제,M115243,알루미늄아세틸아세토네이트 액,알루미늄아세틸아세토네이트 액은(는) 진통.진양.수렴.소염제 제제에서 사용되는 의약 성분이다.
진통.진양.수렴.소염제,M200370,라벤더유,라벤더유은(는) 진통.진양.수렴.소염제 제제에서 사용되는 의약 성분이다.
진통.진양.수렴.소염제,M203997,팔미트산,팔미트산은(는) 진통.진양.수렴.소염제 제제에서 사용되는 의약 성분이다.
진통.진양.수렴.소염제,M223371,락트산,락트산은(는) 진통.진양.수렴.소염제 제제에서 사용되는 의약 성분이다.
진통.진양.수렴.소염제,M227778,디메티콘,디메티콘은(는) 진통.진양.수렴.소염제 제제에서 사용되는 의약 성분이다.
진통.진양.수렴.소염제,M229291,건조수산화알루미늄 겔,건조수산화알루미늄 겔은(는) 진통.진양.수렴.소염제 제제에서 사용되는 의약 성분이다.
진통.진양.수렴.소염제,M240290,테트라히드록시프로필에틸렌디아민,테트라히드록시프로필에틸렌디아민은(는) 진통.진양.수렴.소염제 제제에서 사용되는 의약 성분이다.
진통.진양.수렴.소염제,M243654,산화아연,산화아연은(는) 진통.진양.수렴.소염제 제제에서 사용되는 의약 성분이다.
진통.진양.수렴.소염제,M243795,치자연조엑스 (3.0→1),치자연조엑스 (3.0→1)은(는) 진통.진양.수렴.소염제 제제에서 사용되는 의약 성분이다.
진통.진양.수렴.소염제,M244786,스테아릴알코올,스테아릴알코올은(는) 진통.진양.수렴.소염제 제제에서 사용되는 의약 성분이다.
진통.진양.수렴.소염제,M253813,쟈스민향 HP-305195,쟈스민향 HP-305195은(는) 진통.진양.수렴.소염제 제제에서 사용되는 의약 성분이다.
진통.진양.수렴.소염제,M256372,폴리에틸렌글리콜모노스테아레이트,폴리에틸렌글리콜모노스테아레이트은(는) 진통.진양.수렴.소염제 제제에서 사용되는 의약 성분이다.
진통.진양.수렴.소염제,M278209,플록사머,플록사머은(는) 진통.진양.수렴.소염제 제제에서 사용되는 의약 성분이다.
진통.진양.수렴.소염제,M278824,알로에엑스(09),알로에엑스(09)은(는) 진통.진양.수렴.소염제 제제에서 사용되는 의약 성분이다.
진통.진양.수렴.소염제,M279013,이소스테아릴네오펜타노에이트,이소스테아릴네오펜타노에이트은(는) 진통.진양.수렴.소염제 제제에서 사용되는 의약 성분이다.
진통.진양.수렴.소염제,M280518,아미노메틸프로판디올,아미노메틸프로판디올은(는) 진통.진양.수렴.소염제 제제에서 사용되는 의약 성분이다.
진통.진양.수렴.소염제,M284713,아크릴계점착용제3,아크릴계점착용제3은(는) 진통.진양.수렴.소염제 제제에서 사용되는 의약 성분이다.
혼합비타민제(비타민AD 혼합제제를 제외),M070355,말레인산,말레인산은(는) 혼합비타민제(비타민AD 혼합제제를 제외) 제제에서 사용되는 의약 성분이다.
혼합비타민제(비타민AD 혼합제제를 제외),M071118,제삼인산칼슘,제삼인산칼슘은(는) 혼합비타민제(비타민AD 혼합제제를 제외) 제제에서 사용되는 의약 성분이다.
혼합비타민제(비타민AD 혼합제제를 제외),M080313,오소판물질,오소판물질은(는) 혼합비타민제(비타민AD 혼합제제를 제외) 제제에서 사용되는 의약 성분이다.
혼합비타민제(비타민AD 혼합제제를 제외),M085453,합성파라핀,합성파라핀은(는) 혼합비타민제(비타민AD 혼합제제를 제외) 제제에서 사용되는 의약 성분이다.
혼합비타민제(비타민AD 혼합제제를 제외),M088337,폴리소르베이트80,폴리소르베이트80은(는) 혼합비타민제(비타민AD 혼합제제를 제외) 제제에서 사용되는 의약 성분이다.
혼합비타민제(비타민AD 혼합제제를 제외),M100480,인산리보플라빈나트륨이수화물,인산리보플라빈나트륨이수화물은(는) 혼합비타민제(비타민AD 혼합제제를 제외) 제제에서 사용되는 의약 성분이다.
혼합비타민제(비타민AD 혼합제제를 제외),M208254,포비돈K-30,포비돈K-30은(는) 혼합비타민제(비타민AD 혼합제제를 제외) 제제에서 사용되는 의약 성분이다.
혼합비타민제(비타민AD 혼합제제를 제외),M222565,시트르산나트륨수화물,시트르산나트륨수화물은(는) 혼합비타민제(비타민AD 혼합제제를 제외) 제제에서 사용되는 의약 성분이다.
혼합비타민제(비타민AD 혼합제제를 제외),M223090,시트르산수화물,시트르산수화물은(는) 혼합비타민제(비타민AD 혼합제제를 제외) 제제에서 사용되는 의약 성분이다.
혼합비타민제(비타민AD 혼합제제를 제외),M244405,카르나우바납,카르나우바납은(는) 혼합비타민제(비타민AD 혼합제제를 제외) 제제에서 사용되는 의약 성분이다.
혼합비타민제(비타민AD 혼합제제를 제외),M250660,콘드로이틴설페이트나트륨,콘드로이틴설페이트나트륨은(는) 혼합비타민제(비타민AD 혼합제제를 제외) 제제에서 사용되는 의약 성분이다.
혼합비타민제(비타민AD 혼합제제를 제외),M254399,오파드라이Ⅱ브라운85G56954,오파드라이Ⅱ브라운85G56954은(는) 혼합비타민제(비타민AD 혼합제제를 제외) 제제에서 사용되는 의약 성분이다.
혼합비타민제(비타민AD 혼합제제를 제외),M265886,레몬에센스(SK-36620),레몬에센스(SK-36620)은(는) 혼합비타민제(비타민AD 혼합제제를 제외) 제제에서 사용되는 의약 성분이다.
혼합비타민제(비타민AD 혼합제제를 제외),M268046,탭쉴드노란색(21Y024),탭쉴드노란색(21Y024)은(는) 혼합비타민제(비타민AD 혼합제제를 제외) 제제에서 사용되는 의약 성분이다.
혼합비타민제(비타민AD 혼합제제를 제외),M269940,히드록시프로필 옥수수 전분,히드록시프로필 옥수수 전분은(는) 혼합비타민제(비타민AD 혼합제제를 제외) 제제에서 사용되는 의약 성분이다.
혼합비타민제(비타민AD 혼합제제를 제외),M279406,황색5호,황색5호은(는) 혼합비타민제(비타민AD 혼합제제를 제외) 제제에서 사용되는 의약 성분이다.
비타민 A 및 D제,M082332,야자경화유,야자경화유은(는) 비타민 A 및 D제 제제에서 사용되는 의약 성분이다.
비타민 A 및 D제,M083542,부틸히드록시톨루엔,부틸히드록시톨루엔은(는) 비타민 A 및 D제 제제에서 사용되는 의약 성분이다.
비타민 A 및 D제,M208963,비결정성소르비톨액(70%),비결정성소르비톨액(70%)은(는) 비타민 A 및 D제 제제에서 사용되는 의약 성분이다.
비타민 A 및 D제,M239181,오파드라이녹색(85F61435),오파드라이녹색(85F61435)은(는) 비타민 A 및 D제 제제에서 사용되는 의약 성분이다.
비타민 A 및 D제,M243429,카르복시메틸셀룰로오스칼슘,카르복시메틸셀룰로오스칼슘은(는) 비타민 A 및 D제 제제에서 사용되는 의약 성분이다.
비타민 A 및 D제,M247470,시트르산칼슘수화물,시트르산칼슘수화물은(는) 비타민 A 및 D제 제제에서 사용되는 의약 성분이다.
비타민 A 및 D제,M251240,D-소르비톨액70%(비결정성),D-소르비톨액70%(비결정성)은(는) 비타민 A 및 D제 제제에서 사용되는 의약 성분이다.
비타민 B1제,M007131,정제수,정제수은(는) 비타민 B1제 제제에서 사용되는 의약 성분이다.
비타민 B1제,M080518,저치환도히드록시프로필셀룰로오스,저치환도히드록시프로필셀룰로오스은(는) 비타민 B1제 제제에서 사용되는 의약 성분이다.
비타민 B1제,M223292,푸르설티아민염산염,푸르설티아민염산염은(는) 비타민 B1제 제제에서 사용되는 의약 성분이다.
비타민 B1제,M230344,달맞이꽃 종자유,달맞이꽃 종자유은(는) 비타민 B1제 제제에서 사용되는 의약 성분이다.
비타민 B1제,M239951,카르나우바납,카르나우바납은(는) 비타민 B1제 제제에서 사용되는 의약 성분이다.
비타민 B제(비타민 B1을 제외),M040064,니코틴산아미드,니코틴산아미드은(는) 비타민 B제(비타민 B1을 제외) 제제에서 사용되는 의약 성분이다.
비타민 B제(비타민 B1을 제외),M204437,L-시스테인,L-시스테인은(는) 비타민 B제(비타민 B1을 제외) 제제에서 사용되는 의약 성분이다.
비타민 B제(비타민 B1을 제외),M214159,오파드라이 화이트(OY-C-7000A),오파드라이 화이트(OY-C-7000A)은(는) 비타민 B제(비타민 B1을 제외) 제제에서 사용되는 의약 성분이다.
비타민 B제(비타민 B1을 제외),M243259,스테아르산마그네슘,스테아르산마그네슘은(는) 비타민 B제(비타민 B1을 제외) 제제에서 사용되는 의약 성분이다.
비타민 B제(비타민 B1을 제외),M249150,d-비오틴,d-비오틴은(는) 비타민 B제(비타민 B1을 제외) 제제에서 사용되는 의약 성분이다.
비타민 C 및 P제,M040044,농글리세린,농글리세린은(는) 비타민 C 및 P제 제제에서 사용되는 의약 성분이다.
비타민 C 및 P제,M040064,니코틴산아미드,니코틴산아미드은(는) 비타민 C 및 P제 제제에서 사용되는 의약 성분이다.
비타민 C 및 P제,M200412,로얄젤리,로얄젤리은(는) 비타민 C 및 P제 제제에서 사용되는 의약 성분이다.
비타민 C 및 P제,M236913,제피아스코르브산,제피아스코르브산은(는) 비타민 C 및 P제 제제에서 사용되는 의약 성분이다.
비타민 C 및 P제,M263960,비결정성소르비톨액,비결정성소르비톨액은(는) 비타민 C 및 P제 제제에서 사용되는 의약 성분이다.
비타민 E 및 K제,M040262,산화마그네슘,산화마그네슘은(는) 비타민 E 및 K제 제제에서 사용되는 의약 성분이다.
비타민 E 및 K제,M040600,콩기름,콩기름은(는) 비타민 E 및 K제 제제에서 사용되는 의약 성분이다.
비타민 E 및 K제,M071163,적색40호,적색40호은(는) 비타민 E 및 K제 제제에서 사용되는 의약 성분이다.
비타민 E 및 K제,M089138,젤라틴,젤라틴은(는) 비타민 E 및 K제 제제에서 사용되는 의약 성분이다.
비타민 E 및 K제,M245089,황색5호,황색5호은(는) 비타민 E 및 K제 제제에서 사용되는 의약 성분이다.
X선조영제,M040141,메글루민,메글루민은(는) X선조영제 제제에서 사용되는 의약 성분이다.
X선조영제,M040632,탄산수소칼륨,탄산수소칼륨은(는) X선조영제 제제에서 사용되는 의약 성분이다.
X선조영제,M223469,에데트산나트륨수화물,에데트산나트륨수화물은(는) X선조영제 제제에서 사용되는 의약 성분이다.
X선조영제,M223556,스테아르산마그네슘,스테아르산마그네슘은(는) X선조영제 제제에서 사용되는 의약 성분이다.
X선조영제,M272542,마크로골·폴리비닐알코올그래프티드공중합체,마크로골·폴리비닐알코올그래프티드공중합체은(는) X선조영제 제제에서 사용되는 의약 성분이다.
